,geo_value,signal,time_value,issue,lag,missing_value,missing_stderr,missing_sample_size,value,stderr,sample_size,geo_type,data_source
0,nd,confirmed_7dav_incidence_num,2020-02-20,2021-04-01,406,0,0,0,0.0,,,state,jhu-csse
0,nd,confirmed_7dav_incidence_num,2020-02-21,2021-04-01,405,0,0,0,0.0,,,state,jhu-csse
0,nd,confirmed_7dav_incidence_num,2020-02-22,2021-04-01,404,0,0,0,0.0,,,state,jhu-csse
0,nd,confirmed_7dav_incidence_num,2020-02-23,2021-04-01,403,0,0,0,0.0,,,state,jhu-csse
0,nd,confirmed_7dav_incidence_num,2020-02-24,2021-04-01,402,0,0,0,0.0,,,state,jhu-csse
0,nd,confirmed_7dav_incidence_num,2020-02-25,2021-04-01,401,0,0,0,0.0,,,state,jhu-csse
0,nd,confirmed_7dav_incidence_num,2020-02-26,2021-04-01,400,0,0,0,0.0,,,state,jhu-csse
0,nd,confirmed_7dav_incidence_num,2020-02-27,2021-04-01,399,0,0,0,0.0,,,state,jhu-csse
0,nd,confirmed_7dav_incidence_num,2020-02-28,2021-04-01,398,0,0,0,0.0,,,state,jhu-csse
0,nd,confirmed_7dav_incidence_num,2020-02-29,2021-04-01,397,0,0,0,0.0,,,state,jhu-csse
0,nd,confirmed_7dav_incidence_num,2020-03-01,2021-04-01,396,0,0,0,0.0,,,state,jhu-csse
0,nd,confirmed_7dav_incidence_num,2020-03-02,2021-04-01,395,0,0,0,0.0,,,state,jhu-csse
0,nd,confirmed_7dav_incidence_num,2020-03-03,2021-04-01,394,0,0,0,0.0,,,state,jhu-csse
0,nd,confirmed_7dav_incidence_num,2020-03-04,2021-04-01,393,0,0,0,0.0,,,state,jhu-csse
0,nd,confirmed_7dav_incidence_num,2020-03-05,2021-04-01,392,0,0,0,0.0,,,state,jhu-csse
0,nd,confirmed_7dav_incidence_num,2020-03-06,2021-04-01,391,0,0,0,0.0,,,state,jhu-csse
0,nd,confirmed_7dav_incidence_num,2020-03-07,2021-04-01,390,0,0,0,0.0,,,state,jhu-csse
0,nd,confirmed_7dav_incidence_num,2020-03-08,2021-04-01,389,0,0,0,0.0,,,state,jhu-csse
0,nd,confirmed_7dav_incidence_num,2020-03-09,2021-04-01,388,0,0,0,0.0,,,state,jhu-csse
0,nd,confirmed_7dav_incidence_num,2020-03-10,2021-04-01,387,0,0,0,0.0,,,state,jhu-csse
0,nd,confirmed_7dav_incidence_num,2020-03-11,2021-04-01,386,0,0,0,0.0,,,state,jhu-csse
0,nd,confirmed_7dav_incidence_num,2020-03-12,2021-04-01,385,0,0,0,0.1428571,,,state,jhu-csse
0,nd,confirmed_7dav_incidence_num,2020-03-13,2021-04-01,384,0,0,0,0.1428571,,,state,jhu-csse
0,nd,confirmed_7dav_incidence_num,2020-03-14,2021-04-01,383,0,0,0,0.1428571,,,state,jhu-csse
0,nd,confirmed_7dav_incidence_num,2020-03-15,2021-04-01,382,0,0,0,0.1428571,,,state,jhu-csse
0,nd,confirmed_7dav_incidence_num,2020-03-16,2021-04-01,381,0,0,0,0.1428571,,,state,jhu-csse
0,nd,confirmed_7dav_incidence_num,2020-03-17,2021-04-01,380,0,0,0,0.4285714,,,state,jhu-csse
0,nd,confirmed_7dav_incidence_num,2020-03-18,2021-04-01,379,0,0,0,0.8571429,,,state,jhu-csse
0,nd,confirmed_7dav_incidence_num,2020-03-19,2021-04-01,378,0,0,0,2.5714286,,,state,jhu-csse
0,nd,confirmed_7dav_incidence_num,2020-03-20,2021-04-01,377,0,0,0,3.5714286,,,state,jhu-csse
0,nd,confirmed_7dav_incidence_num,2020-03-21,2021-04-01,376,0,0,0,3.8571429,,,state,jhu-csse
0,nd,confirmed_7dav_incidence_num,2020-03-22,2021-04-01,375,0,0,0,3.8571429,,,state,jhu-csse
0,nd,confirmed_7dav_incidence_num,2020-03-23,2021-04-01,374,0,0,0,4.1428571,,,state,jhu-csse
0,nd,confirmed_7dav_incidence_num,2020-03-24,2021-04-01,373,0,0,0,4.7142857,,,state,jhu-csse
0,nd,confirmed_7dav_incidence_num,2020-03-25,2021-04-01,372,0,0,0,5.5714286,,,state,jhu-csse
0,nd,confirmed_7dav_incidence_num,2020-03-26,2021-04-01,371,0,0,0,4.5714286,,,state,jhu-csse
0,nd,confirmed_7dav_incidence_num,2020-03-27,2021-04-01,370,0,0,0,6.0,,,state,jhu-csse
0,nd,confirmed_7dav_incidence_num,2020-03-28,2021-04-01,369,0,0,0,9.4285714,,,state,jhu-csse
0,nd,confirmed_7dav_incidence_num,2020-03-29,2021-04-01,368,0,0,0,10.0,,,state,jhu-csse
0,nd,confirmed_7dav_incidence_num,2020-03-30,2021-04-01,367,0,0,0,11.2857143,,,state,jhu-csse
0,nd,confirmed_7dav_incidence_num,2020-03-31,2021-04-01,366,0,0,0,12.2857143,,,state,jhu-csse
0,nd,confirmed_7dav_incidence_num,2020-04-01,2022-04-06,735,0,5,5,16.2857143,,,state,jhu-csse
0,nd,confirmed_7dav_incidence_num,2020-04-02,2022-04-06,734,0,5,5,17.4285714,,,state,jhu-csse
0,nd,confirmed_7dav_incidence_num,2020-04-03,2022-04-06,733,0,5,5,16.8571429,,,state,jhu-csse
0,nd,confirmed_7dav_incidence_num,2020-04-04,2022-04-06,732,0,5,5,16.1428571,,,state,jhu-csse
0,nd,confirmed_7dav_incidence_num,2020-04-05,2022-04-06,731,0,5,5,18.1428571,,,state,jhu-csse
0,nd,confirmed_7dav_incidence_num,2020-04-06,2022-04-06,730,0,5,5,18.2857143,,,state,jhu-csse
0,nd,confirmed_7dav_incidence_num,2020-04-07,2022-04-06,729,0,5,5,18.4285714,,,state,jhu-csse
0,nd,confirmed_7dav_incidence_num,2020-04-08,2022-04-06,728,0,5,5,15.7142857,,,state,jhu-csse
0,nd,confirmed_7dav_incidence_num,2020-04-09,2022-04-06,727,0,5,5,15.0,,,state,jhu-csse
0,nd,confirmed_7dav_incidence_num,2020-04-10,2022-04-06,726,0,5,5,15.2857143,,,state,jhu-csse
0,nd,confirmed_7dav_incidence_num,2020-04-11,2022-04-06,725,0,5,5,14.4285714,,,state,jhu-csse
0,nd,confirmed_7dav_incidence_num,2020-04-12,2022-04-06,724,0,5,5,15.1428571,,,state,jhu-csse
0,nd,confirmed_7dav_incidence_num,2020-04-13,2022-04-06,723,0,5,5,14.8571429,,,state,jhu-csse
0,nd,confirmed_7dav_incidence_num,2020-04-14,2022-04-06,722,0,5,5,16.1428571,,,state,jhu-csse
0,nd,confirmed_7dav_incidence_num,2020-04-15,2022-04-06,721,0,5,5,17.5714286,,,state,jhu-csse
0,nd,confirmed_7dav_incidence_num,2020-04-16,2022-04-06,720,0,5,5,22.8571429,,,state,jhu-csse
0,nd,confirmed_7dav_incidence_num,2020-04-17,2022-04-06,719,0,5,5,33.5714286,,,state,jhu-csse
0,nd,confirmed_7dav_incidence_num,2020-04-18,2022-04-06,718,0,5,5,39.4285714,,,state,jhu-csse
0,nd,confirmed_7dav_incidence_num,2020-04-19,2022-04-06,717,0,5,5,42.1428571,,,state,jhu-csse
0,nd,confirmed_7dav_incidence_num,2020-04-20,2022-04-06,716,0,5,5,43.2857143,,,state,jhu-csse
0,nd,confirmed_7dav_incidence_num,2020-04-21,2022-04-06,715,0,5,5,44.7142857,,,state,jhu-csse
0,nd,confirmed_7dav_incidence_num,2020-04-22,2022-04-06,714,0,5,5,45.2857143,,,state,jhu-csse
0,nd,confirmed_7dav_incidence_num,2020-04-23,2022-04-06,713,0,5,5,44.1428571,,,state,jhu-csse
0,nd,confirmed_7dav_incidence_num,2020-04-24,2022-04-06,712,0,5,5,39.2857143,,,state,jhu-csse
0,nd,confirmed_7dav_incidence_num,2020-04-25,2022-04-06,711,0,5,5,40.4285714,,,state,jhu-csse
0,nd,confirmed_7dav_incidence_num,2020-04-26,2022-04-06,710,0,5,5,45.1428571,,,state,jhu-csse
0,nd,confirmed_7dav_incidence_num,2020-04-27,2022-04-06,709,0,5,5,49.5714286,,,state,jhu-csse
0,nd,confirmed_7dav_incidence_num,2020-04-28,2022-04-06,708,0,5,5,50.8571429,,,state,jhu-csse
0,nd,confirmed_7dav_incidence_num,2020-04-29,2022-04-06,707,0,5,5,51.1428571,,,state,jhu-csse
0,nd,confirmed_7dav_incidence_num,2020-04-30,2022-04-06,706,0,5,5,51.4285714,,,state,jhu-csse
0,nd,confirmed_7dav_incidence_num,2020-05-01,2022-04-06,705,0,5,5,50.0,,,state,jhu-csse
0,nd,confirmed_7dav_incidence_num,2020-05-02,2022-04-06,704,0,5,5,46.2857143,,,state,jhu-csse
0,nd,confirmed_7dav_incidence_num,2020-05-03,2022-04-06,703,0,5,5,40.4285714,,,state,jhu-csse
0,nd,confirmed_7dav_incidence_num,2020-05-04,2022-04-06,702,0,5,5,39.1428571,,,state,jhu-csse
0,nd,confirmed_7dav_incidence_num,2020-05-05,2022-04-06,701,0,5,5,41.1428571,,,state,jhu-csse
0,nd,confirmed_7dav_incidence_num,2020-05-06,2022-04-06,700,0,5,5,43.2857143,,,state,jhu-csse
0,nd,confirmed_7dav_incidence_num,2020-05-07,2022-04-06,699,0,5,5,45.1428571,,,state,jhu-csse
0,nd,confirmed_7dav_incidence_num,2020-05-08,2022-04-06,698,0,5,5,44.2857143,,,state,jhu-csse
0,nd,confirmed_7dav_incidence_num,2020-05-09,2022-04-06,697,0,5,5,42.5714286,,,state,jhu-csse
0,nd,confirmed_7dav_incidence_num,2020-05-10,2022-04-06,696,0,5,5,41.4285714,,,state,jhu-csse
0,nd,confirmed_7dav_incidence_num,2020-05-11,2022-04-06,695,0,5,5,43.1428571,,,state,jhu-csse
0,nd,confirmed_7dav_incidence_num,2020-05-12,2022-04-06,694,0,5,5,45.7142857,,,state,jhu-csse
0,nd,confirmed_7dav_incidence_num,2020-05-13,2022-04-06,693,0,5,5,48.2857143,,,state,jhu-csse
0,nd,confirmed_7dav_incidence_num,2020-05-14,2022-04-06,692,0,5,5,48.0,,,state,jhu-csse
0,nd,confirmed_7dav_incidence_num,2020-05-15,2022-04-06,691,0,5,5,54.7142857,,,state,jhu-csse
0,nd,confirmed_7dav_incidence_num,2020-05-16,2022-04-06,690,0,5,5,58.2857143,,,state,jhu-csse
0,nd,confirmed_7dav_incidence_num,2020-05-17,2022-04-06,689,0,5,5,59.0,,,state,jhu-csse
0,nd,confirmed_7dav_incidence_num,2020-05-18,2022-04-06,688,0,5,5,60.1428571,,,state,jhu-csse
0,nd,confirmed_7dav_incidence_num,2020-05-19,2022-04-06,687,0,5,5,61.1428571,,,state,jhu-csse
0,nd,confirmed_7dav_incidence_num,2020-05-20,2022-04-06,686,0,5,5,65.7142857,,,state,jhu-csse
0,nd,confirmed_7dav_incidence_num,2020-05-21,2022-04-06,685,0,5,5,68.4285714,,,state,jhu-csse
0,nd,confirmed_7dav_incidence_num,2020-05-22,2022-05-19,727,0,5,5,63.1428571,,,state,jhu-csse
0,nd,confirmed_7dav_incidence_num,2020-05-23,2022-05-19,726,0,5,5,63.5714286,,,state,jhu-csse
0,nd,confirmed_7dav_incidence_num,2020-05-24,2022-05-19,725,0,5,5,64.8571429,,,state,jhu-csse
0,nd,confirmed_7dav_incidence_num,2020-05-25,2022-05-19,724,0,5,5,62.4285714,,,state,jhu-csse
0,nd,confirmed_7dav_incidence_num,2020-05-26,2022-05-19,723,0,5,5,53.2857143,,,state,jhu-csse
0,nd,confirmed_7dav_incidence_num,2020-05-27,2022-05-19,722,0,5,5,45.0,,,state,jhu-csse
0,nd,confirmed_7dav_incidence_num,2020-05-28,2022-05-19,721,0,5,5,40.7142857,,,state,jhu-csse
0,nd,confirmed_7dav_incidence_num,2020-05-29,2022-04-06,677,0,5,5,38.4285714,,,state,jhu-csse
0,nd,confirmed_7dav_incidence_num,2020-05-30,2022-04-06,676,0,5,5,34.0,,,state,jhu-csse
0,nd,confirmed_7dav_incidence_num,2020-05-31,2022-04-06,675,0,5,5,35.0,,,state,jhu-csse
0,nd,confirmed_7dav_incidence_num,2020-06-01,2022-04-06,674,0,5,5,32.0,,,state,jhu-csse
0,nd,confirmed_7dav_incidence_num,2020-06-02,2022-04-06,673,0,5,5,34.2857143,,,state,jhu-csse
0,nd,confirmed_7dav_incidence_num,2020-06-03,2022-04-06,672,0,5,5,32.1428571,,,state,jhu-csse
0,nd,confirmed_7dav_incidence_num,2020-06-04,2021-04-01,301,0,0,0,32.1428571,,,state,jhu-csse
0,nd,confirmed_7dav_incidence_num,2020-06-05,2022-04-06,670,0,5,5,37.4285714,,,state,jhu-csse
0,nd,confirmed_7dav_incidence_num,2020-06-06,2022-04-06,669,0,5,5,40.4285714,,,state,jhu-csse
0,nd,confirmed_7dav_incidence_num,2020-06-07,2022-04-06,668,0,5,5,36.4285714,,,state,jhu-csse
0,nd,confirmed_7dav_incidence_num,2020-06-08,2021-04-01,297,0,0,0,36.4285714,,,state,jhu-csse
0,nd,confirmed_7dav_incidence_num,2020-06-09,2022-04-06,666,0,5,5,37.4285714,,,state,jhu-csse
0,nd,confirmed_7dav_incidence_num,2020-06-10,2022-04-06,665,0,5,5,39.1428571,,,state,jhu-csse
0,nd,confirmed_7dav_incidence_num,2020-06-11,2022-04-06,664,0,5,5,38.5714286,,,state,jhu-csse
0,nd,confirmed_7dav_incidence_num,2020-06-12,2022-04-06,663,0,5,5,34.4285714,,,state,jhu-csse
0,nd,confirmed_7dav_incidence_num,2020-06-13,2022-04-06,662,0,5,5,31.2857143,,,state,jhu-csse
0,nd,confirmed_7dav_incidence_num,2020-06-14,2022-04-06,661,0,5,5,31.7142857,,,state,jhu-csse
0,nd,confirmed_7dav_incidence_num,2020-06-15,2022-04-06,660,0,5,5,31.8571429,,,state,jhu-csse
0,nd,confirmed_7dav_incidence_num,2020-06-16,2022-04-06,659,0,5,5,31.7142857,,,state,jhu-csse
0,nd,confirmed_7dav_incidence_num,2020-06-17,2022-04-06,658,0,5,5,30.4285714,,,state,jhu-csse
0,nd,confirmed_7dav_incidence_num,2020-06-18,2022-04-06,657,0,5,5,29.8571429,,,state,jhu-csse
0,nd,confirmed_7dav_incidence_num,2020-06-19,2022-04-06,656,0,5,5,27.4285714,,,state,jhu-csse
0,nd,confirmed_7dav_incidence_num,2020-06-20,2022-04-06,655,0,5,5,29.5714286,,,state,jhu-csse
0,nd,confirmed_7dav_incidence_num,2020-06-21,2022-04-06,654,0,5,5,30.0,,,state,jhu-csse
0,nd,confirmed_7dav_incidence_num,2020-06-22,2022-04-06,653,0,5,5,27.7142857,,,state,jhu-csse
0,nd,confirmed_7dav_incidence_num,2020-06-23,2021-04-01,282,0,0,0,28.0,,,state,jhu-csse
0,nd,confirmed_7dav_incidence_num,2020-06-24,2022-04-06,651,0,5,5,28.4285714,,,state,jhu-csse
0,nd,confirmed_7dav_incidence_num,2020-06-25,2022-04-06,650,0,5,5,27.8571429,,,state,jhu-csse
0,nd,confirmed_7dav_incidence_num,2020-06-26,2022-04-06,649,0,5,5,29.5714286,,,state,jhu-csse
0,nd,confirmed_7dav_incidence_num,2020-06-27,2022-04-06,648,0,5,5,29.2857143,,,state,jhu-csse
0,nd,confirmed_7dav_incidence_num,2020-06-28,2022-04-06,647,0,5,5,32.2857143,,,state,jhu-csse
0,nd,confirmed_7dav_incidence_num,2020-06-29,2022-04-06,646,0,5,5,36.7142857,,,state,jhu-csse
0,nd,confirmed_7dav_incidence_num,2020-06-30,2022-04-06,645,0,5,5,36.4285714,,,state,jhu-csse
0,nd,confirmed_7dav_incidence_num,2020-07-01,2022-04-06,644,0,5,5,38.0,,,state,jhu-csse
0,nd,confirmed_7dav_incidence_num,2020-07-02,2022-04-06,643,0,5,5,43.0,,,state,jhu-csse
0,nd,confirmed_7dav_incidence_num,2020-07-03,2022-04-06,642,0,5,5,45.8571429,,,state,jhu-csse
0,nd,confirmed_7dav_incidence_num,2020-07-04,2022-04-06,641,0,5,5,46.0,,,state,jhu-csse
0,nd,confirmed_7dav_incidence_num,2020-07-05,2022-04-06,640,0,5,5,44.1428571,,,state,jhu-csse
0,nd,confirmed_7dav_incidence_num,2020-07-06,2022-04-06,639,0,5,5,46.0,,,state,jhu-csse
0,nd,confirmed_7dav_incidence_num,2020-07-07,2022-04-06,638,0,5,5,50.8571429,,,state,jhu-csse
0,nd,confirmed_7dav_incidence_num,2020-07-08,2022-04-06,637,0,5,5,58.8571429,,,state,jhu-csse
0,nd,confirmed_7dav_incidence_num,2020-07-09,2022-04-06,636,0,5,5,61.8571429,,,state,jhu-csse
0,nd,confirmed_7dav_incidence_num,2020-07-10,2022-04-06,635,0,5,5,66.2857143,,,state,jhu-csse
0,nd,confirmed_7dav_incidence_num,2020-07-11,2022-04-06,634,0,5,5,74.0,,,state,jhu-csse
0,nd,confirmed_7dav_incidence_num,2020-07-12,2022-04-06,633,0,5,5,83.8571429,,,state,jhu-csse
0,nd,confirmed_7dav_incidence_num,2020-07-13,2022-04-06,632,0,5,5,84.2857143,,,state,jhu-csse
0,nd,confirmed_7dav_incidence_num,2020-07-14,2022-04-06,631,0,5,5,84.0,,,state,jhu-csse
0,nd,confirmed_7dav_incidence_num,2020-07-15,2022-04-06,630,0,5,5,84.5714286,,,state,jhu-csse
0,nd,confirmed_7dav_incidence_num,2020-07-16,2022-04-06,629,0,5,5,90.1428571,,,state,jhu-csse
0,nd,confirmed_7dav_incidence_num,2020-07-17,2022-04-06,628,0,5,5,94.0,,,state,jhu-csse
0,nd,confirmed_7dav_incidence_num,2020-07-18,2022-04-06,627,0,5,5,97.1428571,,,state,jhu-csse
0,nd,confirmed_7dav_incidence_num,2020-07-19,2022-04-06,626,0,5,5,97.7142857,,,state,jhu-csse
0,nd,confirmed_7dav_incidence_num,2020-07-20,2022-04-06,625,0,5,5,101.5714286,,,state,jhu-csse
0,nd,confirmed_7dav_incidence_num,2020-07-21,2022-04-06,624,0,5,5,114.2857143,,,state,jhu-csse
0,nd,confirmed_7dav_incidence_num,2020-07-22,2022-04-06,623,0,5,5,117.2857143,,,state,jhu-csse
0,nd,confirmed_7dav_incidence_num,2020-07-23,2022-04-06,622,0,5,5,116.8571429,,,state,jhu-csse
0,nd,confirmed_7dav_incidence_num,2020-07-24,2022-04-06,621,0,5,5,117.7142857,,,state,jhu-csse
0,nd,confirmed_7dav_incidence_num,2020-07-25,2022-04-06,620,0,5,5,121.7142857,,,state,jhu-csse
0,nd,confirmed_7dav_incidence_num,2020-07-26,2021-04-01,249,0,0,0,122.4285714,,,state,jhu-csse
0,nd,confirmed_7dav_incidence_num,2020-07-27,2022-04-06,618,0,5,5,132.4285714,,,state,jhu-csse
0,nd,confirmed_7dav_incidence_num,2020-07-28,2022-04-06,617,0,5,5,122.2857143,,,state,jhu-csse
0,nd,confirmed_7dav_incidence_num,2020-07-29,2022-04-06,616,0,5,5,114.8571429,,,state,jhu-csse
0,nd,confirmed_7dav_incidence_num,2020-07-30,2022-04-06,615,0,5,5,121.5714286,,,state,jhu-csse
0,nd,confirmed_7dav_incidence_num,2020-07-31,2022-04-06,614,0,5,5,123.1428571,,,state,jhu-csse
0,nd,confirmed_7dav_incidence_num,2020-08-01,2022-04-06,613,0,5,5,111.1428571,,,state,jhu-csse
0,nd,confirmed_7dav_incidence_num,2020-08-02,2022-04-06,612,0,5,5,113.4285714,,,state,jhu-csse
0,nd,confirmed_7dav_incidence_num,2020-08-03,2022-04-06,611,0,5,5,113.1428571,,,state,jhu-csse
0,nd,confirmed_7dav_incidence_num,2020-08-04,2022-04-06,610,0,5,5,117.8571429,,,state,jhu-csse
0,nd,confirmed_7dav_incidence_num,2020-08-05,2022-04-06,609,0,5,5,125.0,,,state,jhu-csse
0,nd,confirmed_7dav_incidence_num,2020-08-06,2022-04-06,608,0,5,5,122.4285714,,,state,jhu-csse
0,nd,confirmed_7dav_incidence_num,2020-08-07,2022-04-06,607,0,5,5,129.1428571,,,state,jhu-csse
0,nd,confirmed_7dav_incidence_num,2020-08-08,2022-04-06,606,0,5,5,134.1428571,,,state,jhu-csse
0,nd,confirmed_7dav_incidence_num,2020-08-09,2022-04-06,605,0,5,5,132.7142857,,,state,jhu-csse
0,nd,confirmed_7dav_incidence_num,2020-08-10,2022-04-06,604,0,5,5,135.5714286,,,state,jhu-csse
0,nd,confirmed_7dav_incidence_num,2020-08-11,2022-04-06,603,0,5,5,130.5714286,,,state,jhu-csse
0,nd,confirmed_7dav_incidence_num,2020-08-12,2022-04-06,602,0,5,5,141.7142857,,,state,jhu-csse
0,nd,confirmed_7dav_incidence_num,2020-08-13,2022-04-06,601,0,5,5,142.1428571,,,state,jhu-csse
0,nd,confirmed_7dav_incidence_num,2020-08-14,2022-04-06,600,0,5,5,134.0,,,state,jhu-csse
0,nd,confirmed_7dav_incidence_num,2020-08-15,2022-06-04,658,0,5,5,141.2857143,,,state,jhu-csse
0,nd,confirmed_7dav_incidence_num,2020-08-16,2022-06-04,657,0,5,5,133.0,,,state,jhu-csse
0,nd,confirmed_7dav_incidence_num,2020-08-17,2022-06-04,656,0,5,5,127.8571429,,,state,jhu-csse
0,nd,confirmed_7dav_incidence_num,2020-08-18,2022-06-04,655,0,5,5,142.1428571,,,state,jhu-csse
0,nd,confirmed_7dav_incidence_num,2020-08-19,2022-06-04,654,0,5,5,152.7142857,,,state,jhu-csse
0,nd,confirmed_7dav_incidence_num,2020-08-20,2022-06-04,653,0,5,5,164.0,,,state,jhu-csse
0,nd,confirmed_7dav_incidence_num,2020-08-21,2022-06-04,652,0,5,5,183.1428571,,,state,jhu-csse
0,nd,confirmed_7dav_incidence_num,2020-08-22,2022-04-06,592,0,5,5,182.4285714,,,state,jhu-csse
0,nd,confirmed_7dav_incidence_num,2020-08-23,2022-04-06,591,0,5,5,191.7142857,,,state,jhu-csse
0,nd,confirmed_7dav_incidence_num,2020-08-24,2022-04-06,590,0,5,5,206.0,,,state,jhu-csse
0,nd,confirmed_7dav_incidence_num,2020-08-25,2022-04-06,589,0,5,5,212.7142857,,,state,jhu-csse
0,nd,confirmed_7dav_incidence_num,2020-08-26,2022-04-06,588,0,5,5,221.0,,,state,jhu-csse
0,nd,confirmed_7dav_incidence_num,2020-08-27,2022-04-06,587,0,5,5,231.8571429,,,state,jhu-csse
0,nd,confirmed_7dav_incidence_num,2020-08-28,2022-04-06,586,0,5,5,248.4285714,,,state,jhu-csse
0,nd,confirmed_7dav_incidence_num,2020-08-29,2022-04-06,585,0,5,5,260.4285714,,,state,jhu-csse
0,nd,confirmed_7dav_incidence_num,2020-08-30,2022-04-06,584,0,5,5,259.0,,,state,jhu-csse
0,nd,confirmed_7dav_incidence_num,2020-08-31,2022-04-06,583,0,5,5,253.0,,,state,jhu-csse
0,nd,confirmed_7dav_incidence_num,2020-09-01,2022-04-06,582,0,5,5,257.2857143,,,state,jhu-csse
0,nd,confirmed_7dav_incidence_num,2020-09-02,2022-04-06,581,0,5,5,261.1428571,,,state,jhu-csse
0,nd,confirmed_7dav_incidence_num,2020-09-03,2022-06-04,639,0,5,5,265.5714286,,,state,jhu-csse
0,nd,confirmed_7dav_incidence_num,2020-09-04,2022-06-04,638,0,5,5,263.1428571,,,state,jhu-csse
0,nd,confirmed_7dav_incidence_num,2020-09-05,2022-06-04,637,0,5,5,274.1428571,,,state,jhu-csse
0,nd,confirmed_7dav_incidence_num,2020-09-06,2022-06-04,636,0,5,5,282.0,,,state,jhu-csse
0,nd,confirmed_7dav_incidence_num,2020-09-07,2022-06-04,635,0,5,5,265.2857143,,,state,jhu-csse
0,nd,confirmed_7dav_incidence_num,2020-09-08,2022-06-04,634,0,5,5,261.2857143,,,state,jhu-csse
0,nd,confirmed_7dav_incidence_num,2020-09-09,2022-06-04,633,0,5,5,257.7142857,,,state,jhu-csse
0,nd,confirmed_7dav_incidence_num,2020-09-10,2022-04-06,573,0,5,5,243.8571429,,,state,jhu-csse
0,nd,confirmed_7dav_incidence_num,2020-09-11,2022-04-06,572,0,5,5,259.5714286,,,state,jhu-csse
0,nd,confirmed_7dav_incidence_num,2020-09-12,2022-04-06,571,0,5,5,278.2857143,,,state,jhu-csse
0,nd,confirmed_7dav_incidence_num,2020-09-13,2022-04-06,570,0,5,5,290.1428571,,,state,jhu-csse
0,nd,confirmed_7dav_incidence_num,2020-09-14,2022-04-06,569,0,5,5,311.8571429,,,state,jhu-csse
0,nd,confirmed_7dav_incidence_num,2020-09-15,2022-04-06,568,0,5,5,316.0,,,state,jhu-csse
0,nd,confirmed_7dav_incidence_num,2020-09-16,2022-04-06,567,0,5,5,324.2857143,,,state,jhu-csse
0,nd,confirmed_7dav_incidence_num,2020-09-17,2022-04-06,566,0,5,5,362.0,,,state,jhu-csse
0,nd,confirmed_7dav_incidence_num,2020-09-18,2022-04-06,565,0,5,5,349.2857143,,,state,jhu-csse
0,nd,confirmed_7dav_incidence_num,2020-09-19,2022-04-06,564,0,5,5,338.2857143,,,state,jhu-csse
0,nd,confirmed_7dav_incidence_num,2020-09-20,2022-04-06,563,0,5,5,342.8571429,,,state,jhu-csse
0,nd,confirmed_7dav_incidence_num,2020-09-21,2022-04-06,562,0,5,5,348.1428571,,,state,jhu-csse
0,nd,confirmed_7dav_incidence_num,2020-09-22,2022-04-06,561,0,5,5,377.5714286,,,state,jhu-csse
0,nd,confirmed_7dav_incidence_num,2020-09-23,2022-04-06,560,0,5,5,388.1428571,,,state,jhu-csse
0,nd,confirmed_7dav_incidence_num,2020-09-24,2022-04-06,559,0,5,5,377.1428571,,,state,jhu-csse
0,nd,confirmed_7dav_incidence_num,2020-09-25,2022-04-06,558,0,5,5,394.4285714,,,state,jhu-csse
0,nd,confirmed_7dav_incidence_num,2020-09-26,2022-04-06,557,0,5,5,392.7142857,,,state,jhu-csse
0,nd,confirmed_7dav_incidence_num,2020-09-27,2022-04-06,556,0,5,5,389.0,,,state,jhu-csse
0,nd,confirmed_7dav_incidence_num,2020-09-28,2022-04-06,555,0,5,5,411.2857143,,,state,jhu-csse
0,nd,confirmed_7dav_incidence_num,2020-09-29,2022-04-06,554,0,5,5,407.4285714,,,state,jhu-csse
0,nd,confirmed_7dav_incidence_num,2020-09-30,2022-04-06,553,0,5,5,393.2857143,,,state,jhu-csse
0,nd,confirmed_7dav_incidence_num,2020-10-01,2022-05-03,579,0,5,5,398.5714286,,,state,jhu-csse
0,nd,confirmed_7dav_incidence_num,2020-10-02,2022-05-03,578,0,5,5,390.5714286,,,state,jhu-csse
0,nd,confirmed_7dav_incidence_num,2020-10-03,2022-05-03,577,0,5,5,400.5714286,,,state,jhu-csse
0,nd,confirmed_7dav_incidence_num,2020-10-04,2022-05-03,576,0,5,5,407.5714286,,,state,jhu-csse
0,nd,confirmed_7dav_incidence_num,2020-10-05,2022-05-03,575,0,5,5,419.2857143,,,state,jhu-csse
0,nd,confirmed_7dav_incidence_num,2020-10-06,2022-05-03,574,0,5,5,425.7142857,,,state,jhu-csse
0,nd,confirmed_7dav_incidence_num,2020-10-07,2022-05-03,573,0,5,5,447.8571429,,,state,jhu-csse
0,nd,confirmed_7dav_incidence_num,2020-10-08,2022-04-06,545,0,5,5,473.1428571,,,state,jhu-csse
0,nd,confirmed_7dav_incidence_num,2020-10-09,2022-04-06,544,0,5,5,495.2857143,,,state,jhu-csse
0,nd,confirmed_7dav_incidence_num,2020-10-10,2022-04-06,543,0,5,5,527.4285714,,,state,jhu-csse
0,nd,confirmed_7dav_incidence_num,2020-10-11,2022-04-06,542,0,5,5,551.0,,,state,jhu-csse
0,nd,confirmed_7dav_incidence_num,2020-10-12,2022-04-06,541,0,5,5,549.4285714,,,state,jhu-csse
0,nd,confirmed_7dav_incidence_num,2020-10-13,2022-04-06,540,0,5,5,574.2857143,,,state,jhu-csse
0,nd,confirmed_7dav_incidence_num,2020-10-14,2022-04-06,539,0,5,5,599.0,,,state,jhu-csse
0,nd,confirmed_7dav_incidence_num,2020-10-15,2022-04-06,538,0,5,5,632.8571429,,,state,jhu-csse
0,nd,confirmed_7dav_incidence_num,2020-10-16,2022-04-06,537,0,5,5,657.4285714,,,state,jhu-csse
0,nd,confirmed_7dav_incidence_num,2020-10-17,2022-04-06,536,0,5,5,668.2857143,,,state,jhu-csse
0,nd,confirmed_7dav_incidence_num,2020-10-18,2022-04-06,535,0,5,5,694.4285714,,,state,jhu-csse
0,nd,confirmed_7dav_incidence_num,2020-10-19,2022-04-06,534,0,5,5,774.4285714,,,state,jhu-csse
0,nd,confirmed_7dav_incidence_num,2020-10-20,2022-04-06,533,0,5,5,754.1428571,,,state,jhu-csse
0,nd,confirmed_7dav_incidence_num,2020-10-21,2022-04-06,532,0,5,5,804.0,,,state,jhu-csse
0,nd,confirmed_7dav_incidence_num,2020-10-22,2022-04-06,531,0,5,5,806.1428571,,,state,jhu-csse
0,nd,confirmed_7dav_incidence_num,2020-10-23,2022-04-06,530,0,5,5,834.1428571,,,state,jhu-csse
0,nd,confirmed_7dav_incidence_num,2020-10-24,2022-04-06,529,0,5,5,853.7142857,,,state,jhu-csse
0,nd,confirmed_7dav_incidence_num,2020-10-25,2022-04-06,528,0,5,5,835.7142857,,,state,jhu-csse
0,nd,confirmed_7dav_incidence_num,2020-10-26,2022-04-06,527,0,5,5,814.1428571,,,state,jhu-csse
0,nd,confirmed_7dav_incidence_num,2020-10-27,2022-04-06,526,0,5,5,856.2857143,,,state,jhu-csse
0,nd,confirmed_7dav_incidence_num,2020-10-28,2022-04-06,525,0,5,5,882.1428571,,,state,jhu-csse
0,nd,confirmed_7dav_incidence_num,2020-10-29,2022-06-04,583,0,5,5,950.5714286,,,state,jhu-csse
0,nd,confirmed_7dav_incidence_num,2020-10-30,2022-06-04,582,0,5,5,1021.0,,,state,jhu-csse
0,nd,confirmed_7dav_incidence_num,2020-10-31,2022-06-04,581,0,5,5,1064.1428571,,,state,jhu-csse
0,nd,confirmed_7dav_incidence_num,2020-11-01,2022-06-04,580,0,5,5,1126.8571429,,,state,jhu-csse
0,nd,confirmed_7dav_incidence_num,2020-11-02,2022-06-04,579,0,5,5,1171.4285714,,,state,jhu-csse
0,nd,confirmed_7dav_incidence_num,2020-11-03,2022-06-04,578,0,5,5,1222.0,,,state,jhu-csse
0,nd,confirmed_7dav_incidence_num,2020-11-04,2022-06-04,577,0,5,5,1270.5714286,,,state,jhu-csse
0,nd,confirmed_7dav_incidence_num,2020-11-05,2022-06-04,576,0,5,5,1332.0,,,state,jhu-csse
0,nd,confirmed_7dav_incidence_num,2020-11-06,2022-06-04,575,0,5,5,1358.7142857,,,state,jhu-csse
0,nd,confirmed_7dav_incidence_num,2020-11-07,2022-06-04,574,0,5,5,1353.7142857,,,state,jhu-csse
0,nd,confirmed_7dav_incidence_num,2020-11-08,2022-06-04,573,0,5,5,1379.7142857,,,state,jhu-csse
0,nd,confirmed_7dav_incidence_num,2020-11-09,2022-06-04,572,0,5,5,1341.5714286,,,state,jhu-csse
0,nd,confirmed_7dav_incidence_num,2020-11-10,2022-06-04,571,0,5,5,1330.7142857,,,state,jhu-csse
0,nd,confirmed_7dav_incidence_num,2020-11-11,2022-06-01,567,0,5,5,1366.8571429,,,state,jhu-csse
0,nd,confirmed_7dav_incidence_num,2020-11-12,2022-06-04,569,0,5,5,1321.5714286,,,state,jhu-csse
0,nd,confirmed_7dav_incidence_num,2020-11-13,2022-04-06,509,0,5,5,1417.2857143,,,state,jhu-csse
0,nd,confirmed_7dav_incidence_num,2020-11-14,2022-04-06,508,0,5,5,1393.1428571,,,state,jhu-csse
0,nd,confirmed_7dav_incidence_num,2020-11-15,2022-04-06,507,0,5,5,1383.2857143,,,state,jhu-csse
0,nd,confirmed_7dav_incidence_num,2020-11-16,2022-04-06,506,0,5,5,1406.8571429,,,state,jhu-csse
0,nd,confirmed_7dav_incidence_num,2020-11-17,2022-04-06,505,0,5,5,1440.8571429,,,state,jhu-csse
0,nd,confirmed_7dav_incidence_num,2020-11-18,2022-06-04,563,0,5,5,1387.7142857,,,state,jhu-csse
0,nd,confirmed_7dav_incidence_num,2020-11-19,2022-06-04,562,0,5,5,1376.8571429,,,state,jhu-csse
0,nd,confirmed_7dav_incidence_num,2020-11-20,2022-04-06,502,0,5,5,1267.4285714,,,state,jhu-csse
0,nd,confirmed_7dav_incidence_num,2020-11-21,2022-04-06,501,0,5,5,1299.1428571,,,state,jhu-csse
0,nd,confirmed_7dav_incidence_num,2020-11-22,2022-04-06,500,0,5,5,1243.5714286,,,state,jhu-csse
0,nd,confirmed_7dav_incidence_num,2020-11-23,2022-04-06,499,0,5,5,1236.5714286,,,state,jhu-csse
0,nd,confirmed_7dav_incidence_num,2020-11-24,2022-04-06,498,0,5,5,1213.2857143,,,state,jhu-csse
0,nd,confirmed_7dav_incidence_num,2020-11-25,2022-04-06,497,0,5,5,1148.8571429,,,state,jhu-csse
0,nd,confirmed_7dav_incidence_num,2020-11-26,2022-04-06,496,0,5,5,1053.0,,,state,jhu-csse
0,nd,confirmed_7dav_incidence_num,2020-11-27,2022-06-04,554,0,5,5,943.2857143,,,state,jhu-csse
0,nd,confirmed_7dav_incidence_num,2020-11-28,2022-06-04,553,0,5,5,877.2857143,,,state,jhu-csse
0,nd,confirmed_7dav_incidence_num,2020-11-29,2022-06-04,552,0,5,5,862.0,,,state,jhu-csse
0,nd,confirmed_7dav_incidence_num,2020-11-30,2022-06-04,551,0,5,5,776.4285714,,,state,jhu-csse
0,nd,confirmed_7dav_incidence_num,2020-12-01,2022-06-04,550,0,5,5,686.7142857,,,state,jhu-csse
0,nd,confirmed_7dav_incidence_num,2020-12-02,2022-06-04,549,0,5,5,689.5714286,,,state,jhu-csse
0,nd,confirmed_7dav_incidence_num,2020-12-03,2022-06-04,548,0,5,5,708.8571429,,,state,jhu-csse
0,nd,confirmed_7dav_incidence_num,2020-12-04,2022-06-04,547,0,5,5,682.8571429,,,state,jhu-csse
0,nd,confirmed_7dav_incidence_num,2020-12-05,2022-06-04,546,0,5,5,650.8571429,,,state,jhu-csse
0,nd,confirmed_7dav_incidence_num,2020-12-06,2022-06-04,545,0,5,5,620.8571429,,,state,jhu-csse
0,nd,confirmed_7dav_incidence_num,2020-12-07,2022-06-04,544,0,5,5,637.7142857,,,state,jhu-csse
0,nd,confirmed_7dav_incidence_num,2020-12-08,2022-06-04,543,0,5,5,626.5714286,,,state,jhu-csse
0,nd,confirmed_7dav_incidence_num,2020-12-09,2022-06-04,542,0,5,5,561.1428571,,,state,jhu-csse
0,nd,confirmed_7dav_incidence_num,2020-12-10,2022-05-19,525,0,5,5,507.5714286,,,state,jhu-csse
0,nd,confirmed_7dav_incidence_num,2020-12-11,2022-05-19,524,0,5,5,474.2857143,,,state,jhu-csse
0,nd,confirmed_7dav_incidence_num,2020-12-12,2022-04-06,480,0,5,5,443.5714286,,,state,jhu-csse
0,nd,confirmed_7dav_incidence_num,2020-12-13,2022-04-06,479,0,5,5,417.4285714,,,state,jhu-csse
0,nd,confirmed_7dav_incidence_num,2020-12-14,2022-04-06,478,0,5,5,381.2857143,,,state,jhu-csse
0,nd,confirmed_7dav_incidence_num,2020-12-15,2022-04-06,477,0,5,5,356.1428571,,,state,jhu-csse
0,nd,confirmed_7dav_incidence_num,2020-12-16,2022-04-06,476,0,5,5,327.2857143,,,state,jhu-csse
0,nd,confirmed_7dav_incidence_num,2020-12-17,2022-04-06,475,0,5,5,325.7142857,,,state,jhu-csse
0,nd,confirmed_7dav_incidence_num,2020-12-18,2022-04-06,474,0,5,5,304.8571429,,,state,jhu-csse
0,nd,confirmed_7dav_incidence_num,2020-12-19,2022-04-06,473,0,5,5,299.7142857,,,state,jhu-csse
0,nd,confirmed_7dav_incidence_num,2020-12-20,2022-04-06,472,0,5,5,283.0,,,state,jhu-csse
0,nd,confirmed_7dav_incidence_num,2020-12-21,2022-04-06,471,0,5,5,282.7142857,,,state,jhu-csse
0,nd,confirmed_7dav_incidence_num,2020-12-22,2022-04-06,470,0,5,5,278.5714286,,,state,jhu-csse
0,nd,confirmed_7dav_incidence_num,2020-12-23,2022-04-06,469,0,5,5,259.7142857,,,state,jhu-csse
0,nd,confirmed_7dav_incidence_num,2020-12-24,2022-04-06,468,0,5,5,228.4285714,,,state,jhu-csse
0,nd,confirmed_7dav_incidence_num,2020-12-25,2022-04-06,467,0,5,5,213.5714286,,,state,jhu-csse
0,nd,confirmed_7dav_incidence_num,2020-12-26,2022-04-06,466,0,5,5,194.2857143,,,state,jhu-csse
0,nd,confirmed_7dav_incidence_num,2020-12-27,2022-04-06,465,0,5,5,196.2857143,,,state,jhu-csse
0,nd,confirmed_7dav_incidence_num,2020-12-28,2022-04-06,464,0,5,5,190.8571429,,,state,jhu-csse
0,nd,confirmed_7dav_incidence_num,2020-12-29,2022-06-04,522,0,5,5,202.7142857,,,state,jhu-csse
0,nd,confirmed_7dav_incidence_num,2020-12-30,2022-06-04,521,0,5,5,212.0,,,state,jhu-csse
0,nd,confirmed_7dav_incidence_num,2020-12-31,2022-06-04,520,0,5,5,210.8571429,,,state,jhu-csse
0,nd,confirmed_7dav_incidence_num,2021-01-01,2022-06-04,519,0,5,5,212.1428571,,,state,jhu-csse
0,nd,confirmed_7dav_incidence_num,2021-01-02,2022-06-04,518,0,5,5,221.5714286,,,state,jhu-csse
0,nd,confirmed_7dav_incidence_num,2021-01-03,2022-06-04,517,0,5,5,235.0,,,state,jhu-csse
0,nd,confirmed_7dav_incidence_num,2021-01-04,2022-06-04,516,0,5,5,228.7142857,,,state,jhu-csse
0,nd,confirmed_7dav_incidence_num,2021-01-05,2022-05-19,499,0,5,5,222.1428571,,,state,jhu-csse
0,nd,confirmed_7dav_incidence_num,2021-01-06,2022-05-19,498,0,5,5,226.5714286,,,state,jhu-csse
0,nd,confirmed_7dav_incidence_num,2021-01-07,2022-05-19,497,0,5,5,227.7142857,,,state,jhu-csse
0,nd,confirmed_7dav_incidence_num,2021-01-08,2022-05-19,496,0,5,5,235.5714286,,,state,jhu-csse
0,nd,confirmed_7dav_incidence_num,2021-01-09,2022-05-19,495,0,5,5,225.0,,,state,jhu-csse
0,nd,confirmed_7dav_incidence_num,2021-01-10,2022-05-19,494,0,5,5,216.1428571,,,state,jhu-csse
0,nd,confirmed_7dav_incidence_num,2021-01-11,2022-05-19,493,0,5,5,216.7142857,,,state,jhu-csse
0,nd,confirmed_7dav_incidence_num,2021-01-12,2022-05-19,492,0,5,5,206.0,,,state,jhu-csse
0,nd,confirmed_7dav_incidence_num,2021-01-13,2022-05-19,491,0,5,5,194.5714286,,,state,jhu-csse
0,nd,confirmed_7dav_incidence_num,2021-01-14,2022-06-04,506,0,5,5,188.7142857,,,state,jhu-csse
0,nd,confirmed_7dav_incidence_num,2021-01-15,2022-06-04,505,0,5,5,181.0,,,state,jhu-csse
0,nd,confirmed_7dav_incidence_num,2021-01-16,2022-06-04,504,0,5,5,190.0,,,state,jhu-csse
0,nd,confirmed_7dav_incidence_num,2021-01-17,2022-06-04,503,0,5,5,182.5714286,,,state,jhu-csse
0,nd,confirmed_7dav_incidence_num,2021-01-18,2022-06-04,502,0,5,5,166.8571429,,,state,jhu-csse
0,nd,confirmed_7dav_incidence_num,2021-01-19,2022-06-04,501,0,5,5,157.5714286,,,state,jhu-csse
0,nd,confirmed_7dav_incidence_num,2021-01-20,2022-06-04,500,0,5,5,144.4285714,,,state,jhu-csse
0,nd,confirmed_7dav_incidence_num,2021-01-21,2022-04-06,440,0,5,5,138.1428571,,,state,jhu-csse
0,nd,confirmed_7dav_incidence_num,2021-01-22,2022-04-06,439,0,5,5,143.5714286,,,state,jhu-csse
0,nd,confirmed_7dav_incidence_num,2021-01-23,2022-04-06,438,0,5,5,135.5714286,,,state,jhu-csse
0,nd,confirmed_7dav_incidence_num,2021-01-24,2022-04-06,437,0,5,5,133.4285714,,,state,jhu-csse
0,nd,confirmed_7dav_incidence_num,2021-01-25,2022-04-06,436,0,5,5,132.5714286,,,state,jhu-csse
0,nd,confirmed_7dav_incidence_num,2021-01-26,2022-04-06,435,0,5,5,133.0,,,state,jhu-csse
0,nd,confirmed_7dav_incidence_num,2021-01-27,2022-04-06,434,0,5,5,132.5714286,,,state,jhu-csse
0,nd,confirmed_7dav_incidence_num,2021-01-28,2022-04-06,433,0,5,5,128.0,,,state,jhu-csse
0,nd,confirmed_7dav_incidence_num,2021-01-29,2022-04-06,432,0,5,5,119.4285714,,,state,jhu-csse
0,nd,confirmed_7dav_incidence_num,2021-01-30,2022-04-06,431,0,5,5,115.2857143,,,state,jhu-csse
0,nd,confirmed_7dav_incidence_num,2021-01-31,2022-04-06,430,0,5,5,113.7142857,,,state,jhu-csse
0,nd,confirmed_7dav_incidence_num,2021-02-01,2022-04-06,429,0,5,5,114.0,,,state,jhu-csse
0,nd,confirmed_7dav_incidence_num,2021-02-02,2022-04-06,428,0,5,5,111.1428571,,,state,jhu-csse
0,nd,confirmed_7dav_incidence_num,2021-02-03,2022-04-06,427,0,5,5,112.4285714,,,state,jhu-csse
0,nd,confirmed_7dav_incidence_num,2021-02-04,2022-04-06,426,0,5,5,103.7142857,,,state,jhu-csse
0,nd,confirmed_7dav_incidence_num,2021-02-05,2022-04-06,425,0,5,5,100.2857143,,,state,jhu-csse
0,nd,confirmed_7dav_incidence_num,2021-02-06,2022-04-06,424,0,5,5,97.4285714,,,state,jhu-csse
0,nd,confirmed_7dav_incidence_num,2021-02-07,2022-04-06,423,0,5,5,96.1428571,,,state,jhu-csse
0,nd,confirmed_7dav_incidence_num,2021-02-08,2022-04-06,422,0,5,5,91.2857143,,,state,jhu-csse
0,nd,confirmed_7dav_incidence_num,2021-02-09,2022-04-06,421,0,5,5,92.1428571,,,state,jhu-csse
0,nd,confirmed_7dav_incidence_num,2021-02-10,2022-04-06,420,0,5,5,89.7142857,,,state,jhu-csse
0,nd,confirmed_7dav_incidence_num,2021-02-11,2022-04-06,419,0,5,5,93.0,,,state,jhu-csse
0,nd,confirmed_7dav_incidence_num,2021-02-12,2022-04-06,418,0,5,5,94.7142857,,,state,jhu-csse
0,nd,confirmed_7dav_incidence_num,2021-02-13,2022-04-06,417,0,5,5,94.8571429,,,state,jhu-csse
0,nd,confirmed_7dav_incidence_num,2021-02-14,2022-04-06,416,0,5,5,96.7142857,,,state,jhu-csse
0,nd,confirmed_7dav_incidence_num,2021-02-15,2022-04-06,415,0,5,5,101.7142857,,,state,jhu-csse
0,nd,confirmed_7dav_incidence_num,2021-02-16,2022-04-06,414,0,5,5,98.5714286,,,state,jhu-csse
0,nd,confirmed_7dav_incidence_num,2021-02-17,2021-04-01,43,0,0,0,98.1428571,,,state,jhu-csse
0,nd,confirmed_7dav_incidence_num,2021-02-18,2022-04-06,412,0,5,5,98.4285714,,,state,jhu-csse
0,nd,confirmed_7dav_incidence_num,2021-02-19,2022-04-06,411,0,5,5,97.1428571,,,state,jhu-csse
0,nd,confirmed_7dav_incidence_num,2021-02-20,2022-04-06,410,0,5,5,96.8571429,,,state,jhu-csse
0,nd,confirmed_7dav_incidence_num,2021-02-21,2022-04-06,409,0,5,5,95.1428571,,,state,jhu-csse
0,nd,confirmed_7dav_incidence_num,2021-02-22,2022-04-06,408,0,5,5,90.8571429,,,state,jhu-csse
0,nd,confirmed_7dav_incidence_num,2021-02-23,2022-04-06,407,0,5,5,90.1428571,,,state,jhu-csse
0,nd,confirmed_7dav_incidence_num,2021-02-24,2022-04-06,406,0,5,5,83.7142857,,,state,jhu-csse
0,nd,confirmed_7dav_incidence_num,2021-02-25,2022-04-06,405,0,5,5,79.8571429,,,state,jhu-csse
0,nd,confirmed_7dav_incidence_num,2021-02-26,2022-04-06,404,0,5,5,77.7142857,,,state,jhu-csse
0,nd,confirmed_7dav_incidence_num,2021-02-27,2022-04-06,403,0,5,5,75.7142857,,,state,jhu-csse
0,nd,confirmed_7dav_incidence_num,2021-02-28,2022-04-06,402,0,5,5,77.0,,,state,jhu-csse
0,nd,confirmed_7dav_incidence_num,2021-03-01,2022-04-06,401,0,5,5,77.0,,,state,jhu-csse
0,nd,confirmed_7dav_incidence_num,2021-03-02,2022-04-06,400,0,5,5,76.0,,,state,jhu-csse
0,nd,confirmed_7dav_incidence_num,2021-03-03,2022-04-06,399,0,5,5,80.2857143,,,state,jhu-csse
0,nd,confirmed_7dav_incidence_num,2021-03-04,2022-04-06,398,0,5,5,81.1428571,,,state,jhu-csse
0,nd,confirmed_7dav_incidence_num,2021-03-05,2022-04-06,397,0,5,5,83.0,,,state,jhu-csse
0,nd,confirmed_7dav_incidence_num,2021-03-06,2022-04-06,396,0,5,5,83.2857143,,,state,jhu-csse
0,nd,confirmed_7dav_incidence_num,2021-03-07,2022-04-06,395,0,5,5,80.8571429,,,state,jhu-csse
0,nd,confirmed_7dav_incidence_num,2021-03-08,2022-04-06,394,0,5,5,80.2857143,,,state,jhu-csse
0,nd,confirmed_7dav_incidence_num,2021-03-09,2022-04-06,393,0,5,5,79.4285714,,,state,jhu-csse
0,nd,confirmed_7dav_incidence_num,2021-03-10,2021-04-01,22,0,0,0,78.2857143,,,state,jhu-csse
0,nd,confirmed_7dav_incidence_num,2021-03-11,2022-04-06,391,0,5,5,82.4285714,,,state,jhu-csse
0,nd,confirmed_7dav_incidence_num,2021-03-12,2022-04-06,390,0,5,5,84.8571429,,,state,jhu-csse
0,nd,confirmed_7dav_incidence_num,2021-03-13,2022-04-06,389,0,5,5,85.0,,,state,jhu-csse
0,nd,confirmed_7dav_incidence_num,2021-03-14,2022-04-06,388,0,5,5,84.7142857,,,state,jhu-csse
0,nd,confirmed_7dav_incidence_num,2021-03-15,2022-04-06,387,0,5,5,91.7142857,,,state,jhu-csse
0,nd,confirmed_7dav_incidence_num,2021-03-16,2022-04-06,386,0,5,5,95.4285714,,,state,jhu-csse
0,nd,confirmed_7dav_incidence_num,2021-03-17,2022-04-06,385,0,5,5,96.2857143,,,state,jhu-csse
0,nd,confirmed_7dav_incidence_num,2021-03-18,2022-04-06,384,0,5,5,95.0,,,state,jhu-csse
0,nd,confirmed_7dav_incidence_num,2021-03-19,2022-04-06,383,0,5,5,93.5714286,,,state,jhu-csse
0,nd,confirmed_7dav_incidence_num,2021-03-20,2022-04-06,382,0,5,5,95.2857143,,,state,jhu-csse
0,nd,confirmed_7dav_incidence_num,2021-03-21,2022-04-06,381,0,5,5,98.8571429,,,state,jhu-csse
0,nd,confirmed_7dav_incidence_num,2021-03-22,2022-04-06,380,0,5,5,101.2857143,,,state,jhu-csse
0,nd,confirmed_7dav_incidence_num,2021-03-23,2022-04-26,399,0,5,5,102.8571429,,,state,jhu-csse
0,nd,confirmed_7dav_incidence_num,2021-03-24,2022-04-26,398,0,5,5,114.7142857,,,state,jhu-csse
0,nd,confirmed_7dav_incidence_num,2021-03-25,2022-04-26,397,0,5,5,124.1428571,,,state,jhu-csse
0,nd,confirmed_7dav_incidence_num,2021-03-26,2022-04-26,396,0,5,5,134.5714286,,,state,jhu-csse
0,nd,confirmed_7dav_incidence_num,2021-03-27,2022-04-26,395,0,5,5,135.0,,,state,jhu-csse
0,nd,confirmed_7dav_incidence_num,2021-03-28,2022-04-26,394,0,5,5,135.7142857,,,state,jhu-csse
0,nd,confirmed_7dav_incidence_num,2021-03-29,2022-04-26,393,0,5,5,147.0,,,state,jhu-csse
0,nd,confirmed_7dav_incidence_num,2021-03-30,2022-04-06,372,0,5,5,157.0,,,state,jhu-csse
0,nd,confirmed_7dav_incidence_num,2021-03-31,2022-04-06,371,0,5,5,158.0,,,state,jhu-csse
0,nd,confirmed_7dav_incidence_num,2021-04-01,2022-04-06,370,0,5,5,155.2857143,,,state,jhu-csse
0,nd,confirmed_7dav_incidence_num,2021-04-02,2022-06-04,428,0,5,5,149.8571429,,,state,jhu-csse
0,nd,confirmed_7dav_incidence_num,2021-04-03,2022-06-04,427,0,5,5,151.0,,,state,jhu-csse
0,nd,confirmed_7dav_incidence_num,2021-04-04,2022-06-04,426,0,5,5,153.7142857,,,state,jhu-csse
0,nd,confirmed_7dav_incidence_num,2021-04-05,2022-06-04,425,0,5,5,155.4285714,,,state,jhu-csse
0,nd,confirmed_7dav_incidence_num,2021-04-06,2022-06-04,424,0,5,5,153.0,,,state,jhu-csse
0,nd,confirmed_7dav_incidence_num,2021-04-07,2022-06-04,423,0,5,5,152.2857143,,,state,jhu-csse
0,nd,confirmed_7dav_incidence_num,2021-04-08,2022-06-04,422,0,5,5,146.4285714,,,state,jhu-csse
0,nd,confirmed_7dav_incidence_num,2021-04-09,2022-04-06,362,0,5,5,159.1428571,,,state,jhu-csse
0,nd,confirmed_7dav_incidence_num,2021-04-10,2022-04-06,361,0,5,5,157.8571429,,,state,jhu-csse
0,nd,confirmed_7dav_incidence_num,2021-04-11,2022-04-06,360,0,5,5,156.2857143,,,state,jhu-csse
0,nd,confirmed_7dav_incidence_num,2021-04-12,2022-06-04,418,0,5,5,152.2857143,,,state,jhu-csse
0,nd,confirmed_7dav_incidence_num,2021-04-13,2022-06-04,417,0,5,5,149.4285714,,,state,jhu-csse
0,nd,confirmed_7dav_incidence_num,2021-04-14,2022-06-04,416,0,5,5,144.5714286,,,state,jhu-csse
0,nd,confirmed_7dav_incidence_num,2021-04-15,2022-06-04,415,0,5,5,152.7142857,,,state,jhu-csse
0,nd,confirmed_7dav_incidence_num,2021-04-16,2022-06-04,414,0,5,5,142.4285714,,,state,jhu-csse
0,nd,confirmed_7dav_incidence_num,2021-04-17,2022-06-04,413,0,5,5,143.5714286,,,state,jhu-csse
0,nd,confirmed_7dav_incidence_num,2021-04-18,2022-06-04,412,0,5,5,141.5714286,,,state,jhu-csse
0,nd,confirmed_7dav_incidence_num,2021-04-19,2022-04-06,352,0,5,5,143.1428571,,,state,jhu-csse
0,nd,confirmed_7dav_incidence_num,2021-04-20,2022-04-06,351,0,5,5,143.4285714,,,state,jhu-csse
0,nd,confirmed_7dav_incidence_num,2021-04-21,2021-04-22,1,0,0,0,143.2857143,,,state,jhu-csse
0,nd,confirmed_7dav_incidence_num,2021-04-22,2022-04-06,349,0,5,5,139.7142857,,,state,jhu-csse
0,nd,confirmed_7dav_incidence_num,2021-04-23,2022-04-06,348,0,5,5,136.7142857,,,state,jhu-csse
0,nd,confirmed_7dav_incidence_num,2021-04-24,2022-04-06,347,0,5,5,135.8571429,,,state,jhu-csse
0,nd,confirmed_7dav_incidence_num,2021-04-25,2022-04-06,346,0,5,5,143.8571429,,,state,jhu-csse
0,nd,confirmed_7dav_incidence_num,2021-04-26,2022-04-06,345,0,5,5,136.8571429,,,state,jhu-csse
0,nd,confirmed_7dav_incidence_num,2021-04-27,2022-04-06,344,0,5,5,133.5714286,,,state,jhu-csse
0,nd,confirmed_7dav_incidence_num,2021-04-28,2022-04-06,343,0,5,5,130.7142857,,,state,jhu-csse
0,nd,confirmed_7dav_incidence_num,2021-04-29,2022-04-06,342,0,5,5,133.5714286,,,state,jhu-csse
0,nd,confirmed_7dav_incidence_num,2021-04-30,2022-04-06,341,0,5,5,140.1428571,,,state,jhu-csse
0,nd,confirmed_7dav_incidence_num,2021-05-01,2022-04-06,340,0,5,5,143.0,,,state,jhu-csse
0,nd,confirmed_7dav_incidence_num,2021-05-02,2022-04-06,339,0,5,5,135.8571429,,,state,jhu-csse
0,nd,confirmed_7dav_incidence_num,2021-05-03,2022-04-06,338,0,5,5,130.0,,,state,jhu-csse
0,nd,confirmed_7dav_incidence_num,2021-05-04,2022-04-06,337,0,5,5,132.5714286,,,state,jhu-csse
0,nd,confirmed_7dav_incidence_num,2021-05-05,2022-04-06,336,0,5,5,131.2857143,,,state,jhu-csse
0,nd,confirmed_7dav_incidence_num,2021-05-06,2022-04-06,335,0,5,5,123.8571429,,,state,jhu-csse
0,nd,confirmed_7dav_incidence_num,2021-05-07,2022-04-06,334,0,5,5,114.7142857,,,state,jhu-csse
0,nd,confirmed_7dav_incidence_num,2021-05-08,2022-04-06,333,0,5,5,110.4285714,,,state,jhu-csse
0,nd,confirmed_7dav_incidence_num,2021-05-09,2022-04-06,332,0,5,5,109.0,,,state,jhu-csse
0,nd,confirmed_7dav_incidence_num,2021-05-10,2022-04-06,331,0,5,5,105.5714286,,,state,jhu-csse
0,nd,confirmed_7dav_incidence_num,2021-05-11,2022-04-06,330,0,5,5,96.8571429,,,state,jhu-csse
0,nd,confirmed_7dav_incidence_num,2021-05-12,2022-04-06,329,0,5,5,93.8571429,,,state,jhu-csse
0,nd,confirmed_7dav_incidence_num,2021-05-13,2022-04-06,328,0,5,5,89.8571429,,,state,jhu-csse
0,nd,confirmed_7dav_incidence_num,2021-05-14,2022-04-06,327,0,5,5,87.5714286,,,state,jhu-csse
0,nd,confirmed_7dav_incidence_num,2021-05-15,2022-04-06,326,0,5,5,88.5714286,,,state,jhu-csse
0,nd,confirmed_7dav_incidence_num,2021-05-16,2022-04-06,325,0,5,5,86.5714286,,,state,jhu-csse
0,nd,confirmed_7dav_incidence_num,2021-05-17,2022-04-06,324,0,5,5,82.8571429,,,state,jhu-csse
0,nd,confirmed_7dav_incidence_num,2021-05-18,2022-04-06,323,0,5,5,84.1428571,,,state,jhu-csse
0,nd,confirmed_7dav_incidence_num,2021-05-19,2022-04-06,322,0,5,5,78.8571429,,,state,jhu-csse
0,nd,confirmed_7dav_incidence_num,2021-05-20,2022-04-06,321,0,5,5,75.2857143,,,state,jhu-csse
0,nd,confirmed_7dav_incidence_num,2021-05-21,2022-04-06,320,0,5,5,73.1428571,,,state,jhu-csse
0,nd,confirmed_7dav_incidence_num,2021-05-22,2022-04-06,319,0,5,5,70.1428571,,,state,jhu-csse
0,nd,confirmed_7dav_incidence_num,2021-05-23,2022-04-06,318,0,5,5,70.0,,,state,jhu-csse
0,nd,confirmed_7dav_incidence_num,2021-05-24,2022-04-06,317,0,5,5,67.1428571,,,state,jhu-csse
0,nd,confirmed_7dav_incidence_num,2021-05-25,2022-04-06,316,0,5,5,60.0,,,state,jhu-csse
0,nd,confirmed_7dav_incidence_num,2021-05-26,2022-04-06,315,0,5,5,54.2857143,,,state,jhu-csse
0,nd,confirmed_7dav_incidence_num,2021-05-27,2022-04-06,314,0,5,5,51.5714286,,,state,jhu-csse
0,nd,confirmed_7dav_incidence_num,2021-05-28,2022-04-06,313,0,5,5,48.2857143,,,state,jhu-csse
0,nd,confirmed_7dav_incidence_num,2021-05-29,2022-04-06,312,0,5,5,47.5714286,,,state,jhu-csse
0,nd,confirmed_7dav_incidence_num,2021-05-30,2022-04-06,311,0,5,5,44.4285714,,,state,jhu-csse
0,nd,confirmed_7dav_incidence_num,2021-05-31,2022-04-06,310,0,5,5,35.7142857,,,state,jhu-csse
0,nd,confirmed_7dav_incidence_num,2021-06-01,2022-04-06,309,0,5,5,37.8571429,,,state,jhu-csse
0,nd,confirmed_7dav_incidence_num,2021-06-02,2022-04-06,308,0,5,5,40.1428571,,,state,jhu-csse
0,nd,confirmed_7dav_incidence_num,2021-06-03,2022-04-06,307,0,5,5,40.5714286,,,state,jhu-csse
0,nd,confirmed_7dav_incidence_num,2021-06-04,2022-04-06,306,0,5,5,37.8571429,,,state,jhu-csse
0,nd,confirmed_7dav_incidence_num,2021-06-05,2022-04-06,305,0,5,5,37.8571429,,,state,jhu-csse
0,nd,confirmed_7dav_incidence_num,2021-06-06,2022-04-06,304,0,5,5,39.0,,,state,jhu-csse
0,nd,confirmed_7dav_incidence_num,2021-06-07,2022-04-06,303,0,5,5,42.0,,,state,jhu-csse
0,nd,confirmed_7dav_incidence_num,2021-06-08,2022-04-06,302,0,5,5,36.4285714,,,state,jhu-csse
0,nd,confirmed_7dav_incidence_num,2021-06-09,2022-04-06,301,0,5,5,36.0,,,state,jhu-csse
0,nd,confirmed_7dav_incidence_num,2021-06-10,2022-04-06,300,0,5,5,33.4285714,,,state,jhu-csse
0,nd,confirmed_7dav_incidence_num,2021-06-11,2022-06-04,358,0,5,5,34.8571429,,,state,jhu-csse
0,nd,confirmed_7dav_incidence_num,2021-06-12,2022-06-04,357,0,5,5,33.0,,,state,jhu-csse
0,nd,confirmed_7dav_incidence_num,2021-06-13,2022-06-04,356,0,5,5,31.8571429,,,state,jhu-csse
0,nd,confirmed_7dav_incidence_num,2021-06-14,2022-06-04,355,0,5,5,30.8571429,,,state,jhu-csse
0,nd,confirmed_7dav_incidence_num,2021-06-15,2022-06-04,354,0,5,5,27.2857143,,,state,jhu-csse
0,nd,confirmed_7dav_incidence_num,2021-06-16,2022-06-04,353,0,5,5,23.7142857,,,state,jhu-csse
0,nd,confirmed_7dav_incidence_num,2021-06-17,2022-06-04,352,0,5,5,22.4285714,,,state,jhu-csse
0,nd,confirmed_7dav_incidence_num,2021-06-18,2022-04-06,292,0,5,5,19.4285714,,,state,jhu-csse
0,nd,confirmed_7dav_incidence_num,2021-06-19,2022-04-06,291,0,5,5,19.2857143,,,state,jhu-csse
0,nd,confirmed_7dav_incidence_num,2021-06-20,2022-04-06,290,0,5,5,18.8571429,,,state,jhu-csse
0,nd,confirmed_7dav_incidence_num,2021-06-21,2022-04-06,289,0,5,5,18.4285714,,,state,jhu-csse
0,nd,confirmed_7dav_incidence_num,2021-06-22,2022-04-06,288,0,5,5,17.7142857,,,state,jhu-csse
0,nd,confirmed_7dav_incidence_num,2021-06-23,2022-04-06,287,0,5,5,16.0,,,state,jhu-csse
0,nd,confirmed_7dav_incidence_num,2021-06-24,2022-06-04,345,0,5,5,15.0,,,state,jhu-csse
0,nd,confirmed_7dav_incidence_num,2021-06-25,2022-06-04,344,0,5,5,14.7142857,,,state,jhu-csse
0,nd,confirmed_7dav_incidence_num,2021-06-26,2022-06-04,343,0,5,5,14.5714286,,,state,jhu-csse
0,nd,confirmed_7dav_incidence_num,2021-06-27,2022-06-04,342,0,5,5,14.5714286,,,state,jhu-csse
0,nd,confirmed_7dav_incidence_num,2021-06-28,2022-06-04,341,0,5,5,12.2857143,,,state,jhu-csse
0,nd,confirmed_7dav_incidence_num,2021-06-29,2022-06-04,340,0,5,5,13.8571429,,,state,jhu-csse
0,nd,confirmed_7dav_incidence_num,2021-06-30,2022-06-04,339,0,5,5,13.5714286,,,state,jhu-csse
0,nd,confirmed_7dav_incidence_num,2021-07-01,2022-04-06,279,0,5,5,12.2857143,,,state,jhu-csse
0,nd,confirmed_7dav_incidence_num,2021-07-02,2022-04-06,278,0,5,5,11.1428571,,,state,jhu-csse
0,nd,confirmed_7dav_incidence_num,2021-07-03,2022-04-06,277,0,5,5,10.5714286,,,state,jhu-csse
0,nd,confirmed_7dav_incidence_num,2021-07-04,2022-04-06,276,0,5,5,11.1428571,,,state,jhu-csse
0,nd,confirmed_7dav_incidence_num,2021-07-05,2022-04-06,275,0,5,5,10.1428571,,,state,jhu-csse
0,nd,confirmed_7dav_incidence_num,2021-07-06,2022-04-06,274,0,5,5,10.5714286,,,state,jhu-csse
0,nd,confirmed_7dav_incidence_num,2021-07-07,2022-04-06,273,0,5,5,12.8571429,,,state,jhu-csse
0,nd,confirmed_7dav_incidence_num,2021-07-08,2022-04-06,272,0,5,5,13.7142857,,,state,jhu-csse
0,nd,confirmed_7dav_incidence_num,2021-07-09,2022-04-06,271,0,5,5,16.5714286,,,state,jhu-csse
0,nd,confirmed_7dav_incidence_num,2021-07-10,2022-04-06,270,0,5,5,17.7142857,,,state,jhu-csse
0,nd,confirmed_7dav_incidence_num,2021-07-11,2022-04-06,269,0,5,5,16.7142857,,,state,jhu-csse
0,nd,confirmed_7dav_incidence_num,2021-07-12,2022-04-06,268,0,5,5,21.8571429,,,state,jhu-csse
0,nd,confirmed_7dav_incidence_num,2021-07-13,2022-04-06,267,0,5,5,21.7142857,,,state,jhu-csse
0,nd,confirmed_7dav_incidence_num,2021-07-14,2022-05-25,315,0,5,5,21.5714286,,,state,jhu-csse
0,nd,confirmed_7dav_incidence_num,2021-07-15,2022-05-25,314,0,5,5,22.1428571,,,state,jhu-csse
0,nd,confirmed_7dav_incidence_num,2021-07-16,2022-05-25,313,0,5,5,22.0,,,state,jhu-csse
0,nd,confirmed_7dav_incidence_num,2021-07-17,2022-05-25,312,0,5,5,21.8571429,,,state,jhu-csse
0,nd,confirmed_7dav_incidence_num,2021-07-18,2022-05-25,311,0,5,5,23.1428571,,,state,jhu-csse
0,nd,confirmed_7dav_incidence_num,2021-07-19,2022-05-25,310,0,5,5,23.5714286,,,state,jhu-csse
0,nd,confirmed_7dav_incidence_num,2021-07-20,2022-05-25,309,0,5,5,23.2857143,,,state,jhu-csse
0,nd,confirmed_7dav_incidence_num,2021-07-21,2022-04-06,259,0,5,5,24.2857143,,,state,jhu-csse
0,nd,confirmed_7dav_incidence_num,2021-07-22,2022-04-06,258,0,5,5,27.7142857,,,state,jhu-csse
0,nd,confirmed_7dav_incidence_num,2021-07-23,2022-04-06,257,0,5,5,30.4285714,,,state,jhu-csse
0,nd,confirmed_7dav_incidence_num,2021-07-24,2022-04-06,256,0,5,5,32.7142857,,,state,jhu-csse
0,nd,confirmed_7dav_incidence_num,2021-07-25,2022-04-06,255,0,5,5,35.0,,,state,jhu-csse
0,nd,confirmed_7dav_incidence_num,2021-07-26,2022-04-06,254,0,5,5,37.8571429,,,state,jhu-csse
0,nd,confirmed_7dav_incidence_num,2021-07-27,2022-04-06,253,0,5,5,45.7142857,,,state,jhu-csse
0,nd,confirmed_7dav_incidence_num,2021-07-28,2022-04-06,252,0,5,5,51.2857143,,,state,jhu-csse
0,nd,confirmed_7dav_incidence_num,2021-07-29,2022-04-06,251,0,5,5,57.1428571,,,state,jhu-csse
0,nd,confirmed_7dav_incidence_num,2021-07-30,2022-04-06,250,0,5,5,61.8571429,,,state,jhu-csse
0,nd,confirmed_7dav_incidence_num,2021-07-31,2022-04-06,249,0,5,5,62.7142857,,,state,jhu-csse
0,nd,confirmed_7dav_incidence_num,2021-08-01,2022-04-06,248,0,5,5,62.5714286,,,state,jhu-csse
0,nd,confirmed_7dav_incidence_num,2021-08-02,2022-04-06,247,0,5,5,73.1428571,,,state,jhu-csse
0,nd,confirmed_7dav_incidence_num,2021-08-03,2022-04-06,246,0,5,5,75.1428571,,,state,jhu-csse
0,nd,confirmed_7dav_incidence_num,2021-08-04,2022-04-06,245,0,5,5,81.1428571,,,state,jhu-csse
0,nd,confirmed_7dav_incidence_num,2021-08-05,2022-04-06,244,0,5,5,86.1428571,,,state,jhu-csse
0,nd,confirmed_7dav_incidence_num,2021-08-06,2022-06-04,302,0,5,5,91.7142857,,,state,jhu-csse
0,nd,confirmed_7dav_incidence_num,2021-08-07,2022-06-04,301,0,5,5,94.8571429,,,state,jhu-csse
0,nd,confirmed_7dav_incidence_num,2021-08-08,2022-06-04,300,0,5,5,99.4285714,,,state,jhu-csse
0,nd,confirmed_7dav_incidence_num,2021-08-09,2022-06-04,299,0,5,5,102.8571429,,,state,jhu-csse
0,nd,confirmed_7dav_incidence_num,2021-08-10,2022-06-04,298,0,5,5,113.8571429,,,state,jhu-csse
0,nd,confirmed_7dav_incidence_num,2021-08-11,2022-06-04,297,0,5,5,117.8571429,,,state,jhu-csse
0,nd,confirmed_7dav_incidence_num,2021-08-12,2022-06-04,296,0,5,5,126.0,,,state,jhu-csse
0,nd,confirmed_7dav_incidence_num,2021-08-13,2022-04-06,236,0,5,5,132.4285714,,,state,jhu-csse
0,nd,confirmed_7dav_incidence_num,2021-08-14,2022-04-06,235,0,5,5,140.4285714,,,state,jhu-csse
0,nd,confirmed_7dav_incidence_num,2021-08-15,2022-04-06,234,0,5,5,142.7142857,,,state,jhu-csse
0,nd,confirmed_7dav_incidence_num,2021-08-16,2022-04-06,233,0,5,5,157.4285714,,,state,jhu-csse
0,nd,confirmed_7dav_incidence_num,2021-08-17,2022-05-19,275,0,5,5,168.5714286,,,state,jhu-csse
0,nd,confirmed_7dav_incidence_num,2021-08-18,2022-05-19,274,0,5,5,183.0,,,state,jhu-csse
0,nd,confirmed_7dav_incidence_num,2021-08-19,2022-05-19,273,0,5,5,199.5714286,,,state,jhu-csse
0,nd,confirmed_7dav_incidence_num,2021-08-20,2022-05-19,272,0,5,5,207.5714286,,,state,jhu-csse
0,nd,confirmed_7dav_incidence_num,2021-08-21,2022-05-19,271,0,5,5,209.0,,,state,jhu-csse
0,nd,confirmed_7dav_incidence_num,2021-08-22,2022-05-19,270,0,5,5,213.4285714,,,state,jhu-csse
0,nd,confirmed_7dav_incidence_num,2021-08-23,2022-05-19,269,0,5,5,231.7142857,,,state,jhu-csse
0,nd,confirmed_7dav_incidence_num,2021-08-24,2022-04-06,225,0,5,5,247.5714286,,,state,jhu-csse
0,nd,confirmed_7dav_incidence_num,2021-08-25,2022-04-06,224,0,5,5,263.4285714,,,state,jhu-csse
0,nd,confirmed_7dav_incidence_num,2021-08-26,2022-04-06,223,0,5,5,262.7142857,,,state,jhu-csse
0,nd,confirmed_7dav_incidence_num,2021-08-27,2022-04-06,222,0,5,5,282.7142857,,,state,jhu-csse
0,nd,confirmed_7dav_incidence_num,2021-08-28,2022-04-06,221,0,5,5,290.1428571,,,state,jhu-csse
0,nd,confirmed_7dav_incidence_num,2021-08-29,2022-04-06,220,0,5,5,295.8571429,,,state,jhu-csse
0,nd,confirmed_7dav_incidence_num,2021-08-30,2022-04-06,219,0,5,5,313.1428571,,,state,jhu-csse
0,nd,confirmed_7dav_incidence_num,2021-08-31,2022-04-06,218,0,5,5,327.1428571,,,state,jhu-csse
0,nd,confirmed_7dav_incidence_num,2021-09-01,2022-06-04,276,0,5,5,351.8571429,,,state,jhu-csse
0,nd,confirmed_7dav_incidence_num,2021-09-02,2022-06-04,275,0,5,5,373.8571429,,,state,jhu-csse
0,nd,confirmed_7dav_incidence_num,2021-09-03,2022-05-25,264,0,5,5,387.5714286,,,state,jhu-csse
0,nd,confirmed_7dav_incidence_num,2021-09-04,2022-05-25,263,0,5,5,388.0,,,state,jhu-csse
0,nd,confirmed_7dav_incidence_num,2021-09-05,2022-05-25,262,0,5,5,386.8571429,,,state,jhu-csse
0,nd,confirmed_7dav_incidence_num,2021-09-06,2022-05-25,261,0,5,5,352.2857143,,,state,jhu-csse
0,nd,confirmed_7dav_incidence_num,2021-09-07,2022-06-04,270,0,5,5,377.1428571,,,state,jhu-csse
0,nd,confirmed_7dav_incidence_num,2021-09-08,2022-06-04,269,0,5,5,389.1428571,,,state,jhu-csse
0,nd,confirmed_7dav_incidence_num,2021-09-09,2022-06-04,268,0,5,5,415.7142857,,,state,jhu-csse
0,nd,confirmed_7dav_incidence_num,2021-09-10,2022-06-04,267,0,5,5,421.4285714,,,state,jhu-csse
0,nd,confirmed_7dav_incidence_num,2021-09-11,2022-06-04,266,0,5,5,426.7142857,,,state,jhu-csse
0,nd,confirmed_7dav_incidence_num,2021-09-12,2022-06-04,265,0,5,5,433.1428571,,,state,jhu-csse
0,nd,confirmed_7dav_incidence_num,2021-09-13,2022-06-04,264,0,5,5,446.2857143,,,state,jhu-csse
0,nd,confirmed_7dav_incidence_num,2021-09-14,2022-06-04,263,0,5,5,489.7142857,,,state,jhu-csse
0,nd,confirmed_7dav_incidence_num,2021-09-15,2022-06-04,262,0,5,5,484.4285714,,,state,jhu-csse
0,nd,confirmed_7dav_incidence_num,2021-09-16,2022-06-04,261,0,5,5,464.5714286,,,state,jhu-csse
0,nd,confirmed_7dav_incidence_num,2021-09-17,2022-06-04,260,0,5,5,464.2857143,,,state,jhu-csse
0,nd,confirmed_7dav_incidence_num,2021-09-18,2022-06-04,259,0,5,5,462.7142857,,,state,jhu-csse
0,nd,confirmed_7dav_incidence_num,2021-09-19,2022-04-06,199,0,5,5,468.0,,,state,jhu-csse
0,nd,confirmed_7dav_incidence_num,2021-09-20,2022-04-06,198,0,5,5,505.5714286,,,state,jhu-csse
0,nd,confirmed_7dav_incidence_num,2021-09-21,2022-06-04,256,0,5,5,462.8571429,,,state,jhu-csse
0,nd,confirmed_7dav_incidence_num,2021-09-22,2022-06-04,255,0,5,5,470.2857143,,,state,jhu-csse
0,nd,confirmed_7dav_incidence_num,2021-09-23,2022-06-04,254,0,5,5,491.4285714,,,state,jhu-csse
0,nd,confirmed_7dav_incidence_num,2021-09-24,2022-06-04,253,0,5,5,513.5714286,,,state,jhu-csse
0,nd,confirmed_7dav_incidence_num,2021-09-25,2022-06-04,252,0,5,5,525.2857143,,,state,jhu-csse
0,nd,confirmed_7dav_incidence_num,2021-09-26,2022-06-04,251,0,5,5,525.2857143,,,state,jhu-csse
0,nd,confirmed_7dav_incidence_num,2021-09-27,2022-06-04,250,0,5,5,560.4285714,,,state,jhu-csse
0,nd,confirmed_7dav_incidence_num,2021-09-28,2022-06-04,249,0,5,5,586.8571429,,,state,jhu-csse
0,nd,confirmed_7dav_incidence_num,2021-09-29,2022-06-04,248,0,5,5,605.8571429,,,state,jhu-csse
0,nd,confirmed_7dav_incidence_num,2021-09-30,2022-05-25,237,0,5,5,608.1428571,,,state,jhu-csse
0,nd,confirmed_7dav_incidence_num,2021-10-01,2022-05-25,236,0,5,5,617.1428571,,,state,jhu-csse
0,nd,confirmed_7dav_incidence_num,2021-10-02,2022-05-25,235,0,5,5,615.0,,,state,jhu-csse
0,nd,confirmed_7dav_incidence_num,2021-10-03,2022-05-25,234,0,5,5,623.1428571,,,state,jhu-csse
0,nd,confirmed_7dav_incidence_num,2021-10-04,2022-04-06,184,0,5,5,620.5714286,,,state,jhu-csse
0,nd,confirmed_7dav_incidence_num,2021-10-05,2022-04-06,183,0,5,5,618.4285714,,,state,jhu-csse
0,nd,confirmed_7dav_incidence_num,2021-10-06,2022-04-06,182,0,5,5,610.0,,,state,jhu-csse
0,nd,confirmed_7dav_incidence_num,2021-10-07,2022-04-06,181,0,5,5,616.0,,,state,jhu-csse
0,nd,confirmed_7dav_incidence_num,2021-10-08,2022-04-06,180,0,5,5,593.0,,,state,jhu-csse
0,nd,confirmed_7dav_incidence_num,2021-10-09,2021-10-10,1,0,0,0,594.1428571,,,state,jhu-csse
0,nd,confirmed_7dav_incidence_num,2021-10-10,2022-04-06,178,0,5,5,587.4285714,,,state,jhu-csse
0,nd,confirmed_7dav_incidence_num,2021-10-11,2022-06-04,236,0,5,5,567.1428571,,,state,jhu-csse
0,nd,confirmed_7dav_incidence_num,2021-10-12,2022-06-04,235,0,5,5,545.8571429,,,state,jhu-csse
0,nd,confirmed_7dav_incidence_num,2021-10-13,2022-06-04,234,0,5,5,535.4285714,,,state,jhu-csse
0,nd,confirmed_7dav_incidence_num,2021-10-14,2022-06-04,233,0,5,5,516.2857143,,,state,jhu-csse
0,nd,confirmed_7dav_incidence_num,2021-10-15,2022-06-04,232,0,5,5,512.4285714,,,state,jhu-csse
0,nd,confirmed_7dav_incidence_num,2021-10-16,2022-06-04,231,0,5,5,504.5714286,,,state,jhu-csse
0,nd,confirmed_7dav_incidence_num,2021-10-17,2022-06-04,230,0,5,5,500.0,,,state,jhu-csse
0,nd,confirmed_7dav_incidence_num,2021-10-18,2022-06-04,229,0,5,5,501.7142857,,,state,jhu-csse
0,nd,confirmed_7dav_incidence_num,2021-10-19,2022-06-04,228,0,5,5,490.0,,,state,jhu-csse
0,nd,confirmed_7dav_incidence_num,2021-10-20,2022-06-04,227,0,5,5,477.1428571,,,state,jhu-csse
0,nd,confirmed_7dav_incidence_num,2021-10-21,2022-06-04,226,0,5,5,478.5714286,,,state,jhu-csse
0,nd,confirmed_7dav_incidence_num,2021-10-22,2022-06-04,225,0,5,5,471.1428571,,,state,jhu-csse
0,nd,confirmed_7dav_incidence_num,2021-10-23,2022-05-03,192,0,5,5,475.7142857,,,state,jhu-csse
0,nd,confirmed_7dav_incidence_num,2021-10-24,2022-05-03,191,0,5,5,475.7142857,,,state,jhu-csse
0,nd,confirmed_7dav_incidence_num,2021-10-25,2022-05-11,198,0,5,5,477.2857143,,,state,jhu-csse
0,nd,confirmed_7dav_incidence_num,2021-10-26,2022-06-04,221,0,5,5,487.2857143,,,state,jhu-csse
0,nd,confirmed_7dav_incidence_num,2021-10-27,2022-06-04,220,0,5,5,506.1428571,,,state,jhu-csse
0,nd,confirmed_7dav_incidence_num,2021-10-28,2022-06-04,219,0,5,5,499.7142857,,,state,jhu-csse
0,nd,confirmed_7dav_incidence_num,2021-10-29,2022-06-04,218,0,5,5,506.8571429,,,state,jhu-csse
0,nd,confirmed_7dav_incidence_num,2021-10-30,2022-06-04,217,0,5,5,514.0,,,state,jhu-csse
0,nd,confirmed_7dav_incidence_num,2021-10-31,2022-06-04,216,0,5,5,508.1428571,,,state,jhu-csse
0,nd,confirmed_7dav_incidence_num,2021-11-01,2022-06-04,215,0,5,5,496.4285714,,,state,jhu-csse
0,nd,confirmed_7dav_incidence_num,2021-11-02,2022-06-04,214,0,5,5,495.2857143,,,state,jhu-csse
0,nd,confirmed_7dav_incidence_num,2021-11-03,2022-06-04,213,0,5,5,485.4285714,,,state,jhu-csse
0,nd,confirmed_7dav_incidence_num,2021-11-04,2022-06-04,212,0,5,5,492.4285714,,,state,jhu-csse
0,nd,confirmed_7dav_incidence_num,2021-11-05,2022-06-04,211,0,5,5,504.8571429,,,state,jhu-csse
0,nd,confirmed_7dav_incidence_num,2021-11-06,2022-06-04,210,0,5,5,489.7142857,,,state,jhu-csse
0,nd,confirmed_7dav_incidence_num,2021-11-07,2022-06-04,209,0,5,5,490.4285714,,,state,jhu-csse
0,nd,confirmed_7dav_incidence_num,2021-11-08,2022-04-06,149,0,5,5,509.0,,,state,jhu-csse
0,nd,confirmed_7dav_incidence_num,2021-11-09,2022-04-06,148,0,5,5,509.5714286,,,state,jhu-csse
0,nd,confirmed_7dav_incidence_num,2021-11-10,2022-04-06,147,0,5,5,512.8571429,,,state,jhu-csse
0,nd,confirmed_7dav_incidence_num,2021-11-11,2022-04-06,146,0,5,5,488.5714286,,,state,jhu-csse
0,nd,confirmed_7dav_incidence_num,2021-11-12,2022-04-06,145,0,5,5,473.2857143,,,state,jhu-csse
0,nd,confirmed_7dav_incidence_num,2021-11-13,2022-04-06,144,0,5,5,474.4285714,,,state,jhu-csse
0,nd,confirmed_7dav_incidence_num,2021-11-14,2022-04-06,143,0,5,5,478.1428571,,,state,jhu-csse
0,nd,confirmed_7dav_incidence_num,2021-11-15,2022-04-06,142,0,5,5,476.8571429,,,state,jhu-csse
0,nd,confirmed_7dav_incidence_num,2021-11-16,2022-06-04,200,0,5,5,474.4285714,,,state,jhu-csse
0,nd,confirmed_7dav_incidence_num,2021-11-17,2022-04-06,140,0,5,5,476.8571429,,,state,jhu-csse
0,nd,confirmed_7dav_incidence_num,2021-11-18,2022-05-25,188,0,5,5,485.8571429,,,state,jhu-csse
0,nd,confirmed_7dav_incidence_num,2021-11-19,2022-05-25,187,0,5,5,484.7142857,,,state,jhu-csse
0,nd,confirmed_7dav_incidence_num,2021-11-20,2022-05-25,186,0,5,5,485.0,,,state,jhu-csse
0,nd,confirmed_7dav_incidence_num,2021-11-21,2022-05-25,185,0,5,5,481.8571429,,,state,jhu-csse
0,nd,confirmed_7dav_incidence_num,2021-11-22,2022-05-25,184,0,5,5,466.2857143,,,state,jhu-csse
0,nd,confirmed_7dav_incidence_num,2021-11-23,2022-06-04,193,0,5,5,452.5714286,,,state,jhu-csse
0,nd,confirmed_7dav_incidence_num,2021-11-24,2022-05-25,182,0,5,5,454.0,,,state,jhu-csse
0,nd,confirmed_7dav_incidence_num,2021-11-25,2022-05-19,175,0,5,5,412.1428571,,,state,jhu-csse
0,nd,confirmed_7dav_incidence_num,2021-11-26,2022-05-19,174,0,5,5,395.2857143,,,state,jhu-csse
0,nd,confirmed_7dav_incidence_num,2021-11-27,2022-06-04,189,0,5,5,395.2857143,,,state,jhu-csse
0,nd,confirmed_7dav_incidence_num,2021-11-28,2022-06-04,188,0,5,5,393.4285714,,,state,jhu-csse
0,nd,confirmed_7dav_incidence_num,2021-11-29,2022-06-04,187,0,5,5,419.2857143,,,state,jhu-csse
0,nd,confirmed_7dav_incidence_num,2021-11-30,2022-06-04,186,0,5,5,441.7142857,,,state,jhu-csse
0,nd,confirmed_7dav_incidence_num,2021-12-01,2022-06-04,185,0,5,5,433.4285714,,,state,jhu-csse
0,nd,confirmed_7dav_incidence_num,2021-12-02,2022-06-04,184,0,5,5,483.8571429,,,state,jhu-csse
0,nd,confirmed_7dav_incidence_num,2021-12-03,2022-06-04,183,0,5,5,495.0,,,state,jhu-csse
0,nd,confirmed_7dav_incidence_num,2021-12-04,2022-06-04,182,0,5,5,488.8571429,,,state,jhu-csse
0,nd,confirmed_7dav_incidence_num,2021-12-05,2022-06-04,181,0,5,5,482.7142857,,,state,jhu-csse
0,nd,confirmed_7dav_incidence_num,2021-12-06,2022-05-19,164,0,5,5,441.4285714,,,state,jhu-csse
0,nd,confirmed_7dav_incidence_num,2021-12-07,2022-05-19,163,0,5,5,410.0,,,state,jhu-csse
0,nd,confirmed_7dav_incidence_num,2021-12-08,2022-05-19,162,0,5,5,380.8571429,,,state,jhu-csse
0,nd,confirmed_7dav_incidence_num,2021-12-09,2022-05-19,161,0,5,5,358.0,,,state,jhu-csse
0,nd,confirmed_7dav_incidence_num,2021-12-10,2022-04-06,117,0,5,5,350.5714286,,,state,jhu-csse
0,nd,confirmed_7dav_incidence_num,2021-12-11,2022-04-06,116,0,5,5,348.7142857,,,state,jhu-csse
0,nd,confirmed_7dav_incidence_num,2021-12-12,2022-04-06,115,0,5,5,350.4285714,,,state,jhu-csse
0,nd,confirmed_7dav_incidence_num,2021-12-13,2022-04-06,114,0,5,5,347.5714286,,,state,jhu-csse
0,nd,confirmed_7dav_incidence_num,2021-12-14,2022-04-06,113,0,5,5,343.0,,,state,jhu-csse
0,nd,confirmed_7dav_incidence_num,2021-12-15,2022-04-06,112,0,5,5,346.0,,,state,jhu-csse
0,nd,confirmed_7dav_incidence_num,2021-12-16,2022-04-06,111,0,5,5,340.5714286,,,state,jhu-csse
0,nd,confirmed_7dav_incidence_num,2021-12-17,2022-04-06,110,0,5,5,322.5714286,,,state,jhu-csse
0,nd,confirmed_7dav_incidence_num,2021-12-18,2022-04-06,109,0,5,5,322.7142857,,,state,jhu-csse
0,nd,confirmed_7dav_incidence_num,2021-12-19,2022-04-06,108,0,5,5,321.4285714,,,state,jhu-csse
0,nd,confirmed_7dav_incidence_num,2021-12-20,2022-05-11,142,0,5,5,308.0,,,state,jhu-csse
0,nd,confirmed_7dav_incidence_num,2021-12-21,2022-06-04,165,0,5,5,303.2857143,,,state,jhu-csse
0,nd,confirmed_7dav_incidence_num,2021-12-22,2022-06-04,164,0,5,5,303.7142857,,,state,jhu-csse
0,nd,confirmed_7dav_incidence_num,2021-12-23,2022-06-04,163,0,5,5,315.5714286,,,state,jhu-csse
0,nd,confirmed_7dav_incidence_num,2021-12-24,2022-06-04,162,0,5,5,300.7142857,,,state,jhu-csse
0,nd,confirmed_7dav_incidence_num,2021-12-25,2022-06-04,161,0,5,5,289.0,,,state,jhu-csse
0,nd,confirmed_7dav_incidence_num,2021-12-26,2022-06-04,160,0,5,5,289.8571429,,,state,jhu-csse
0,nd,confirmed_7dav_incidence_num,2021-12-27,2022-06-04,159,0,5,5,284.8571429,,,state,jhu-csse
0,nd,confirmed_7dav_incidence_num,2021-12-28,2022-06-04,158,0,5,5,319.0,,,state,jhu-csse
0,nd,confirmed_7dav_incidence_num,2021-12-29,2022-06-04,157,0,5,5,369.2857143,,,state,jhu-csse
0,nd,confirmed_7dav_incidence_num,2021-12-30,2022-06-04,156,0,5,5,423.4285714,,,state,jhu-csse
0,nd,confirmed_7dav_incidence_num,2021-12-31,2022-05-11,131,0,5,5,464.0,,,state,jhu-csse
0,nd,confirmed_7dav_incidence_num,2022-01-01,2022-05-11,130,0,5,5,476.1428571,,,state,jhu-csse
0,nd,confirmed_7dav_incidence_num,2022-01-02,2022-05-03,121,0,5,5,504.2857143,,,state,jhu-csse
0,nd,confirmed_7dav_incidence_num,2022-01-03,2022-05-03,120,0,5,5,618.7142857,,,state,jhu-csse
0,nd,confirmed_7dav_incidence_num,2022-01-04,2022-06-04,151,0,5,5,738.1428571,,,state,jhu-csse
0,nd,confirmed_7dav_incidence_num,2022-01-05,2022-06-04,150,0,5,5,822.1428571,,,state,jhu-csse
0,nd,confirmed_7dav_incidence_num,2022-01-06,2022-06-04,149,0,5,5,923.8571429,,,state,jhu-csse
0,nd,confirmed_7dav_incidence_num,2022-01-07,2022-06-04,148,0,5,5,1050.0,,,state,jhu-csse
0,nd,confirmed_7dav_incidence_num,2022-01-08,2022-06-04,147,0,5,5,1111.8571429,,,state,jhu-csse
0,nd,confirmed_7dav_incidence_num,2022-01-09,2022-06-04,146,0,5,5,1154.5714286,,,state,jhu-csse
0,nd,confirmed_7dav_incidence_num,2022-01-10,2022-06-04,145,0,5,5,1282.0,,,state,jhu-csse
0,nd,confirmed_7dav_incidence_num,2022-01-11,2022-06-04,144,0,5,5,1414.5714286,,,state,jhu-csse
0,nd,confirmed_7dav_incidence_num,2022-01-12,2022-06-04,143,0,5,5,1599.7142857,,,state,jhu-csse
0,nd,confirmed_7dav_incidence_num,2022-01-13,2022-06-04,142,0,5,5,1686.7142857,,,state,jhu-csse
0,nd,confirmed_7dav_incidence_num,2022-01-14,2022-06-04,141,0,5,5,1815.1428571,,,state,jhu-csse
0,nd,confirmed_7dav_incidence_num,2022-01-15,2022-06-04,140,0,5,5,1885.0,,,state,jhu-csse
0,nd,confirmed_7dav_incidence_num,2022-01-16,2022-06-04,139,0,5,5,1903.2857143,,,state,jhu-csse
0,nd,confirmed_7dav_incidence_num,2022-01-17,2022-06-04,138,0,5,5,2020.7142857,,,state,jhu-csse
0,nd,confirmed_7dav_incidence_num,2022-01-18,2022-06-04,137,0,5,5,2122.5714286,,,state,jhu-csse
0,nd,confirmed_7dav_incidence_num,2022-01-19,2022-06-04,136,0,5,5,2181.4285714,,,state,jhu-csse
0,nd,confirmed_7dav_incidence_num,2022-01-20,2022-06-04,135,0,5,5,2272.0,,,state,jhu-csse
0,nd,confirmed_7dav_incidence_num,2022-01-21,2022-06-04,134,0,5,5,2311.7142857,,,state,jhu-csse
0,nd,confirmed_7dav_incidence_num,2022-01-22,2022-06-04,133,0,5,5,2296.8571429,,,state,jhu-csse
0,nd,confirmed_7dav_incidence_num,2022-01-23,2022-06-04,132,0,5,5,2278.7142857,,,state,jhu-csse
0,nd,confirmed_7dav_incidence_num,2022-01-24,2022-06-04,131,0,5,5,2208.2857143,,,state,jhu-csse
0,nd,confirmed_7dav_incidence_num,2022-01-25,2022-06-04,130,0,5,5,2103.0,,,state,jhu-csse
0,nd,confirmed_7dav_incidence_num,2022-01-26,2022-06-04,129,0,5,5,1976.7142857,,,state,jhu-csse
0,nd,confirmed_7dav_incidence_num,2022-01-27,2022-06-04,128,0,5,5,1885.2857143,,,state,jhu-csse
0,nd,confirmed_7dav_incidence_num,2022-01-28,2022-06-04,127,0,5,5,1755.4285714,,,state,jhu-csse
0,nd,confirmed_7dav_incidence_num,2022-01-29,2022-06-04,126,0,5,5,1720.1428571,,,state,jhu-csse
0,nd,confirmed_7dav_incidence_num,2022-01-30,2022-06-04,125,0,5,5,1684.1428571,,,state,jhu-csse
0,nd,confirmed_7dav_incidence_num,2022-01-31,2022-06-04,124,0,5,5,1589.5714286,,,state,jhu-csse
0,nd,confirmed_7dav_incidence_num,2022-02-01,2022-06-04,123,0,5,5,1426.4285714,,,state,jhu-csse
0,nd,confirmed_7dav_incidence_num,2022-02-02,2022-06-04,122,0,5,5,1308.5714286,,,state,jhu-csse
0,nd,confirmed_7dav_incidence_num,2022-02-03,2022-06-04,121,0,5,5,1161.4285714,,,state,jhu-csse
0,nd,confirmed_7dav_incidence_num,2022-02-04,2022-06-04,120,0,5,5,1049.5714286,,,state,jhu-csse
0,nd,confirmed_7dav_incidence_num,2022-02-05,2022-06-04,119,0,5,5,1006.5714286,,,state,jhu-csse
0,nd,confirmed_7dav_incidence_num,2022-02-06,2022-06-04,118,0,5,5,989.7142857,,,state,jhu-csse
0,nd,confirmed_7dav_incidence_num,2022-02-07,2022-06-04,117,0,5,5,871.7142857,,,state,jhu-csse
0,nd,confirmed_7dav_incidence_num,2022-02-08,2022-06-04,116,0,5,5,812.1428571,,,state,jhu-csse
0,nd,confirmed_7dav_incidence_num,2022-02-09,2022-06-01,112,0,5,5,721.1428571,,,state,jhu-csse
0,nd,confirmed_7dav_incidence_num,2022-02-10,2022-06-01,111,0,5,5,661.4285714,,,state,jhu-csse
0,nd,confirmed_7dav_incidence_num,2022-02-11,2022-06-04,113,0,5,5,611.7142857,,,state,jhu-csse
0,nd,confirmed_7dav_incidence_num,2022-02-12,2022-06-04,112,0,5,5,580.0,,,state,jhu-csse
0,nd,confirmed_7dav_incidence_num,2022-02-13,2022-06-04,111,0,5,5,560.7142857,,,state,jhu-csse
0,nd,confirmed_7dav_incidence_num,2022-02-14,2022-06-04,110,0,5,5,490.2857143,,,state,jhu-csse
0,nd,confirmed_7dav_incidence_num,2022-02-15,2022-06-04,109,0,5,5,435.2857143,,,state,jhu-csse
0,nd,confirmed_7dav_incidence_num,2022-02-16,2022-06-04,108,0,5,5,391.7142857,,,state,jhu-csse
0,nd,confirmed_7dav_incidence_num,2022-02-17,2022-06-04,107,0,5,5,339.5714286,,,state,jhu-csse
0,nd,confirmed_7dav_incidence_num,2022-02-18,2022-06-04,106,0,5,5,305.0,,,state,jhu-csse
0,nd,confirmed_7dav_incidence_num,2022-02-19,2022-06-04,105,0,5,5,292.7142857,,,state,jhu-csse
0,nd,confirmed_7dav_incidence_num,2022-02-20,2022-06-01,101,0,5,5,285.4285714,,,state,jhu-csse
0,nd,confirmed_7dav_incidence_num,2022-02-21,2022-05-25,93,0,5,5,244.7142857,,,state,jhu-csse
0,nd,confirmed_7dav_incidence_num,2022-02-22,2022-06-04,102,0,5,5,210.8571429,,,state,jhu-csse
0,nd,confirmed_7dav_incidence_num,2022-02-23,2022-06-04,101,0,5,5,190.7142857,,,state,jhu-csse
0,nd,confirmed_7dav_incidence_num,2022-02-24,2022-06-04,100,0,5,5,178.4285714,,,state,jhu-csse
0,nd,confirmed_7dav_incidence_num,2022-02-25,2022-06-04,99,0,5,5,166.1428571,,,state,jhu-csse
0,nd,confirmed_7dav_incidence_num,2022-02-26,2022-06-04,98,0,5,5,160.4285714,,,state,jhu-csse
0,nd,confirmed_7dav_incidence_num,2022-02-27,2022-06-04,97,0,5,5,155.5714286,,,state,jhu-csse
0,nd,confirmed_7dav_incidence_num,2022-02-28,2022-06-04,96,0,5,5,155.0,,,state,jhu-csse
0,nd,confirmed_7dav_incidence_num,2022-03-01,2022-06-04,95,0,5,5,147.5714286,,,state,jhu-csse
0,nd,confirmed_7dav_incidence_num,2022-03-02,2022-05-19,78,0,5,5,129.7142857,,,state,jhu-csse
0,nd,confirmed_7dav_incidence_num,2022-03-03,2022-06-01,90,0,5,5,117.5714286,,,state,jhu-csse
0,nd,confirmed_7dav_incidence_num,2022-03-04,2022-06-01,89,0,5,5,109.4285714,,,state,jhu-csse
0,nd,confirmed_7dav_incidence_num,2022-03-05,2022-06-04,91,0,5,5,102.8571429,,,state,jhu-csse
0,nd,confirmed_7dav_incidence_num,2022-03-06,2022-06-04,90,0,5,5,103.8571429,,,state,jhu-csse
0,nd,confirmed_7dav_incidence_num,2022-03-07,2022-06-04,89,0,5,5,93.1428571,,,state,jhu-csse
0,nd,confirmed_7dav_incidence_num,2022-03-08,2022-06-04,88,0,5,5,85.7142857,,,state,jhu-csse
0,nd,confirmed_7dav_incidence_num,2022-03-09,2022-06-01,84,0,5,5,78.5714286,,,state,jhu-csse
0,nd,confirmed_7dav_incidence_num,2022-03-10,2022-04-06,27,0,5,5,72.0,,,state,jhu-csse
0,nd,confirmed_7dav_incidence_num,2022-03-11,2022-04-06,26,0,5,5,69.0,,,state,jhu-csse
0,nd,confirmed_7dav_incidence_num,2022-03-12,2022-04-06,25,0,5,5,68.4285714,,,state,jhu-csse
0,nd,confirmed_7dav_incidence_num,2022-03-13,2022-04-06,24,0,5,5,65.8571429,,,state,jhu-csse
0,nd,confirmed_7dav_incidence_num,2022-03-14,2022-06-04,82,0,5,5,63.0,,,state,jhu-csse
0,nd,confirmed_7dav_incidence_num,2022-03-15,2022-06-04,81,0,5,5,57.5714286,,,state,jhu-csse
0,nd,confirmed_7dav_incidence_num,2022-03-16,2022-06-04,80,0,5,5,52.2857143,,,state,jhu-csse
0,nd,confirmed_7dav_incidence_num,2022-03-17,2022-06-04,79,0,5,5,48.0,,,state,jhu-csse
0,nd,confirmed_7dav_incidence_num,2022-03-18,2022-06-04,78,0,5,5,43.1428571,,,state,jhu-csse
0,nd,confirmed_7dav_incidence_num,2022-03-19,2022-06-04,77,0,5,5,41.4285714,,,state,jhu-csse
0,nd,confirmed_7dav_incidence_num,2022-03-20,2022-06-04,76,0,5,5,40.7142857,,,state,jhu-csse
0,nd,confirmed_7dav_incidence_num,2022-03-21,2022-06-04,75,0,5,5,39.5714286,,,state,jhu-csse
0,nd,confirmed_7dav_incidence_num,2022-03-22,2022-06-04,74,0,5,5,37.2857143,,,state,jhu-csse
0,nd,confirmed_7dav_incidence_num,2022-03-23,2022-06-04,73,0,5,5,34.4285714,,,state,jhu-csse
0,nd,confirmed_7dav_incidence_num,2022-03-24,2022-06-04,72,0,5,5,34.5714286,,,state,jhu-csse
0,nd,confirmed_7dav_incidence_num,2022-03-25,2022-05-03,39,0,5,5,33.4285714,,,state,jhu-csse
0,nd,confirmed_7dav_incidence_num,2022-03-26,2022-05-03,38,0,5,5,31.8571429,,,state,jhu-csse
0,nd,confirmed_7dav_incidence_num,2022-03-27,2022-05-03,37,0,5,5,30.8571429,,,state,jhu-csse
0,nd,confirmed_7dav_incidence_num,2022-03-28,2022-05-03,36,0,5,5,28.2857143,,,state,jhu-csse
0,nd,confirmed_7dav_incidence_num,2022-03-29,2022-06-04,67,0,5,5,27.4285714,,,state,jhu-csse
0,nd,confirmed_7dav_incidence_num,2022-03-30,2022-06-04,66,0,5,5,27.8571429,,,state,jhu-csse
0,nd,confirmed_7dav_incidence_num,2022-03-31,2022-06-04,65,0,5,5,28.1428571,,,state,jhu-csse
0,nd,confirmed_7dav_incidence_num,2022-04-01,2022-06-04,64,0,5,5,29.5714286,,,state,jhu-csse
0,nd,confirmed_7dav_incidence_num,2022-04-02,2022-06-04,63,0,5,5,29.7142857,,,state,jhu-csse
0,nd,confirmed_7dav_incidence_num,2022-04-03,2022-06-04,62,0,5,5,30.4285714,,,state,jhu-csse
0,nd,confirmed_7dav_incidence_num,2022-04-04,2022-06-04,61,0,5,5,31.8571429,,,state,jhu-csse
0,nd,confirmed_7dav_incidence_num,2022-04-05,2022-06-04,60,0,5,5,34.4285714,,,state,jhu-csse
0,nd,confirmed_7dav_incidence_num,2022-04-06,2022-06-04,59,0,5,5,35.1428571,,,state,jhu-csse
0,nd,confirmed_7dav_incidence_num,2022-04-07,2022-06-04,58,0,5,5,35.0,,,state,jhu-csse
0,nd,confirmed_7dav_incidence_num,2022-04-08,2022-06-04,57,0,5,5,36.1428571,,,state,jhu-csse
0,nd,confirmed_7dav_incidence_num,2022-04-09,2022-06-04,56,0,5,5,37.5714286,,,state,jhu-csse
0,nd,confirmed_7dav_incidence_num,2022-04-10,2022-06-04,55,0,5,5,37.8571429,,,state,jhu-csse
0,nd,confirmed_7dav_incidence_num,2022-04-11,2022-06-04,54,0,5,5,40.2857143,,,state,jhu-csse
0,nd,confirmed_7dav_incidence_num,2022-04-12,2022-06-04,53,0,5,5,41.1428571,,,state,jhu-csse
0,nd,confirmed_7dav_incidence_num,2022-04-13,2022-06-04,52,0,5,5,40.7142857,,,state,jhu-csse
0,nd,confirmed_7dav_incidence_num,2022-04-14,2022-06-04,51,0,5,5,38.4285714,,,state,jhu-csse
0,nd,confirmed_7dav_incidence_num,2022-04-15,2022-06-04,50,0,5,5,36.8571429,,,state,jhu-csse
0,nd,confirmed_7dav_incidence_num,2022-04-16,2022-06-04,49,0,5,5,35.8571429,,,state,jhu-csse
0,nd,confirmed_7dav_incidence_num,2022-04-17,2022-06-04,48,0,5,5,36.4285714,,,state,jhu-csse
0,nd,confirmed_7dav_incidence_num,2022-04-18,2022-06-04,47,0,5,5,40.0,,,state,jhu-csse
0,nd,confirmed_7dav_incidence_num,2022-04-19,2022-06-04,46,0,5,5,41.1428571,,,state,jhu-csse
0,nd,confirmed_7dav_incidence_num,2022-04-20,2022-06-04,45,0,5,5,44.2857143,,,state,jhu-csse
0,nd,confirmed_7dav_incidence_num,2022-04-21,2022-05-11,20,0,5,5,48.2857143,,,state,jhu-csse
0,nd,confirmed_7dav_incidence_num,2022-04-22,2022-05-11,19,0,5,5,53.8571429,,,state,jhu-csse
0,nd,confirmed_7dav_incidence_num,2022-04-23,2022-05-11,18,0,5,5,54.1428571,,,state,jhu-csse
0,nd,confirmed_7dav_incidence_num,2022-04-24,2022-05-11,17,0,5,5,55.2857143,,,state,jhu-csse
0,nd,confirmed_7dav_incidence_num,2022-04-25,2022-06-04,40,0,5,5,56.4285714,,,state,jhu-csse
0,nd,confirmed_7dav_incidence_num,2022-04-26,2022-06-04,39,0,5,5,56.7142857,,,state,jhu-csse
0,nd,confirmed_7dav_incidence_num,2022-04-27,2022-06-04,38,0,5,5,57.2857143,,,state,jhu-csse
0,nd,confirmed_7dav_incidence_num,2022-04-28,2022-06-04,37,0,5,5,61.1428571,,,state,jhu-csse
0,nd,confirmed_7dav_incidence_num,2022-04-29,2022-06-04,36,0,5,5,61.2857143,,,state,jhu-csse
0,nd,confirmed_7dav_incidence_num,2022-04-30,2022-06-04,35,0,5,5,63.0,,,state,jhu-csse
0,nd,confirmed_7dav_incidence_num,2022-05-01,2022-06-04,34,0,5,5,65.7142857,,,state,jhu-csse
0,nd,confirmed_7dav_incidence_num,2022-05-02,2022-05-25,23,0,5,5,68.1428571,,,state,jhu-csse
0,nd,confirmed_7dav_incidence_num,2022-05-03,2022-05-19,16,0,5,5,73.7142857,,,state,jhu-csse
0,nd,confirmed_7dav_incidence_num,2022-05-04,2022-05-19,15,0,5,5,81.0,,,state,jhu-csse
0,nd,confirmed_7dav_incidence_num,2022-05-05,2022-05-11,6,0,5,5,87.5714286,,,state,jhu-csse
0,nd,confirmed_7dav_incidence_num,2022-05-06,2022-05-19,13,0,5,5,93.7142857,,,state,jhu-csse
0,nd,confirmed_7dav_incidence_num,2022-05-07,2022-05-19,12,0,5,5,93.8571429,,,state,jhu-csse
0,nd,confirmed_7dav_incidence_num,2022-05-08,2022-05-19,11,0,5,5,94.0,,,state,jhu-csse
0,nd,confirmed_7dav_incidence_num,2022-05-09,2022-05-25,16,0,5,5,99.0,,,state,jhu-csse
0,nd,confirmed_7dav_incidence_num,2022-05-10,2022-06-01,22,0,5,5,103.8571429,,,state,jhu-csse
0,nd,confirmed_7dav_incidence_num,2022-05-11,2022-06-01,21,0,5,5,100.8571429,,,state,jhu-csse
0,nd,confirmed_7dav_incidence_num,2022-05-12,2022-06-01,20,0,5,5,103.0,,,state,jhu-csse
0,nd,confirmed_7dav_incidence_num,2022-05-13,2022-06-01,19,0,5,5,114.8571429,,,state,jhu-csse
0,nd,confirmed_7dav_incidence_num,2022-05-14,2022-06-01,18,0,5,5,111.7142857,,,state,jhu-csse
0,nd,confirmed_7dav_incidence_num,2022-05-15,2022-06-04,20,0,5,5,106.0,,,state,jhu-csse
0,nd,confirmed_7dav_incidence_num,2022-05-16,2022-06-04,19,0,5,5,118.8571429,,,state,jhu-csse
0,nd,confirmed_7dav_incidence_num,2022-05-17,2022-06-04,18,0,5,5,121.4285714,,,state,jhu-csse
0,nd,confirmed_7dav_incidence_num,2022-05-18,2022-06-04,17,0,5,5,129.1428571,,,state,jhu-csse
0,nd,confirmed_7dav_incidence_num,2022-05-19,2022-06-04,16,0,5,5,129.0,,,state,jhu-csse
0,nd,confirmed_7dav_incidence_num,2022-05-20,2022-06-04,15,0,5,5,121.8571429,,,state,jhu-csse
0,nd,confirmed_7dav_incidence_num,2022-05-21,2022-06-04,14,0,5,5,126.1428571,,,state,jhu-csse
0,nd,confirmed_7dav_incidence_num,2022-05-22,2022-06-01,10,0,5,5,132.8571429,,,state,jhu-csse
0,nd,confirmed_7dav_incidence_num,2022-05-23,2022-06-01,9,0,5,5,128.0,,,state,jhu-csse
0,nd,confirmed_7dav_incidence_num,2022-05-24,2022-06-01,8,0,5,5,127.5714286,,,state,jhu-csse
0,nd,confirmed_7dav_incidence_num,2022-05-25,2022-06-01,7,0,5,5,132.0,,,state,jhu-csse
0,nd,confirmed_7dav_incidence_num,2022-05-26,2022-06-01,6,0,5,5,137.1428571,,,state,jhu-csse
0,nd,confirmed_7dav_incidence_num,2022-05-27,2022-06-04,8,0,5,5,143.4285714,,,state,jhu-csse
0,nd,confirmed_7dav_incidence_num,2022-05-28,2022-06-04,7,0,5,5,145.0,,,state,jhu-csse
0,nd,confirmed_7dav_incidence_num,2022-05-29,2022-06-04,6,0,5,5,147.1428571,,,state,jhu-csse
0,nd,confirmed_7dav_incidence_num,2022-05-30,2022-06-04,5,0,5,5,126.7142857,,,state,jhu-csse
0,nd,confirmed_7dav_incidence_num,2022-05-31,2022-06-04,4,0,5,5,149.0,,,state,jhu-csse
0,nd,confirmed_7dav_incidence_num,2022-06-01,2022-06-04,3,0,5,5,159.4285714,,,state,jhu-csse
0,nd,confirmed_7dav_incidence_num,2022-06-02,2022-06-04,2,0,5,5,169.8571429,,,state,jhu-csse
0,nd,confirmed_7dav_incidence_num,2022-06-03,2022-06-04,1,0,5,5,142.4285714,,,state,jhu-csse
0,nd,confirmed_7dav_incidence_num,2022-06-04,2022-06-05,1,0,5,5,136.5714286,,,state,jhu-csse
0,nd,confirmed_7dav_incidence_num,2022-06-05,2022-06-06,1,0,5,5,127.5714286,,,state,jhu-csse
0,nd,confirmed_7dav_incidence_num,2022-06-06,2022-06-07,1,0,5,5,118.1428571,,,state,jhu-csse
0,nd,confirmed_7dav_incidence_num,2022-06-07,2022-06-08,1,0,5,5,141.5714286,,,state,jhu-csse
0,nd,confirmed_7dav_incidence_num,2022-06-08,2022-06-09,1,0,5,5,126.0,,,state,jhu-csse
